model_slice,age_window_width_myr,n_histories_total,worst_case_cumulative_euv_width,worst_case_cumulative_wind_width
TOI-700 combined,0.0,194,1.006771760582168,1.0076836949463972
TOI-700 combined,10.0,194,1.6278484914921296,1.7815300769260027
TOI-700 combined,20.0,194,1.6537622538671377,1.8115276779245375
TOI-700 combined,25.0,194,1.6620852520890166,1.820920804124677
TOI-700 combined,30.0,194,1.6620852520890166,1.820920804124677
TOI-700 combined,40.0,194,1.6776767008387026,1.840082118962325
TOI-700 combined,50.0,194,1.6915545998307207,1.853637785216734
TOI-700 combined,60.0,194,1.6915545998307207,1.853637785216734
TOI-700 combined,70.0,194,1.7158795965885778,1.878688142658126
TOI-700 combined,80.0,194,1.7312456475739881,1.8954833536082094
TOI-700 combined,90.0,194,1.7312456475739881,1.8954833536082094
TOI-700 combined,100.0,194,1.7312456475739881,1.8954833536082094
TOI-700 combined,110.0,194,1.760398794314929,1.929023948299174
TOI-700 combined,120.0,194,1.7831846005345122,1.9570602904232062
TOI-700 combined,130.0,194,1.7952579118810505,1.9721402967943324
TOI-700 combined,140.0,194,1.7952579118810505,1.9721402967943324
TOI-700 combined,150.0,194,1.8111662981561396,1.9886501375624537
TOI-700 combined,160.0,194,1.8111662981561396,1.9886501375624537
TOI-700 combined,170.0,194,1.8111662981561396,1.9886501375624537
TOI-700 combined,180.0,194,1.8111662981561396,1.9886501375624537
TOI-700 combined,190.0,194,1.8111662981561396,1.9886501375624537
TOI-700 combined,200.0,194,1.8111662981561396,1.9886501375624537
TOI-700 combined,210.0,194,1.8111662981561396,1.9886501375624537
TOI-700 combined,220.0,194,1.8111662981561396,1.9886501375624537
TOI-700 combined,230.0,194,1.8111662981561396,1.9886501375624537
TOI-700 combined,240.0,194,1.8111662981561396,1.9886501375624537
TOI-700 combined,250.0,194,1.8111662981561396,1.9886501375624537
TOI-700 combined,260.0,194,1.8111662981561396,1.9886501375624537
TOI-700 combined,270.0,194,1.8111662981561396,1.9886501375624537
TOI-700 combined,280.0,194,1.8111662981561396,1.9886501375624537
TOI-700 combined,290.0,194,1.8111662981561396,1.9886501375624537
TOI-700 combined,300.0,194,1.8111662981561396,1.9886501375624537
TOI-700 combined,310.0,194,1.8111662981561396,1.9886501375624537
TOI-700 combined,320.0,194,1.8111662981561396,1.9886501375624537
TOI-700 combined,330.0,194,1.8111662981561396,1.9886501375624537
TOI-700 combined,340.0,194,1.8111662981561396,1.9886501375624537
TOI-700 combined,350.0,194,1.8111662981561396,1.9886501375624537
TOI-700 combined,360.0,194,1.8111662981561396,1.9886501375624537
TOI-700 combined,370.0,194,1.8111662981561396,1.9886501375624537
TOI-700 combined,380.0,194,1.8111662981561396,1.9886501375624537
TOI-700 combined,390.0,194,1.8111662981561396,1.9886501375624537
TOI-700 combined,400.0,194,1.8111662981561396,1.9886501375624537
TOI-700 combined,410.0,194,1.8111662981561396,1.9886501375624537
TOI-700 combined,420.0,194,1.8111662981561396,1.9886501375624537
TOI-700 combined,430.0,194,1.8111662981561396,1.9886501375624537
TOI-700 combined,440.0,194,1.8111662981561396,1.9886501375624537
TOI-700 combined,450.0,194,1.8111662981561396,1.9886501375624537
TOI-700 combined,460.0,194,1.8111662981561396,1.9886501375624537
TOI-700 combined,470.0,194,1.8111662981561396,1.9886501375624537
TOI-700 combined,480.0,194,1.8111662981561396,1.9886501375624537
TOI-700 combined,490.0,194,1.8111662981561396,1.9886501375624537
TOI-700 combined,500.0,194,1.8111662981561396,1.9886501375624537
TOI-700 combined,510.0,194,1.8111662981561396,1.9886501375624537
TOI-700 combined,520.0,194,1.8111662981561396,1.9886501375624537
TOI-700 combined,530.0,194,1.8111662981561396,1.9886501375624537
TOI-700 combined,540.0,194,1.8111662981561396,1.9886501375624537
TOI-700 combined,550.0,194,1.8111662981561396,1.9886501375624537
TOI-700 combined,560.0,194,1.8111662981561396,1.9886501375624537
TOI-700 combined,570.0,194,1.8111662981561396,1.9886501375624537
TOI-700 combined,580.0,194,1.8111662981561396,1.9886501375624537
TOI-700 combined,590.0,194,1.8111662981561396,1.9886501375624537
TOI-700 combined,600.0,194,1.8111662981561396,1.9886501375624537
TOI-700 combined,610.0,194,1.8111662981561396,1.9886501375624537
TOI-700 combined,620.0,194,1.8111662981561396,1.9886501375624537
TOI-700 combined,630.0,194,1.8293243363149823,1.9908273392540115
TOI-700 combined,640.0,194,1.832246450152816,1.9908273392540115
TOI-700 combined,650.0,194,1.832246450152816,1.9908273392540115
TOI-700 combined,660.0,194,1.8702390285341894,2.0368852153059485
TOI-700 combined,670.0,194,1.8702390285341894,2.0368852153059485
TOI-700 combined,680.0,194,1.8847715518551393,2.0532021820331288
TOI-700 combined,690.0,194,1.903547589165072,2.0746411794914383
TOI-700 combined,700.0,194,1.9253688195155616,2.093514216143889
TOI-700 combined,710.0,194,1.9253688195155616,2.093514216143889
TOI-700 combined,720.0,194,1.9525065309909129,2.131047748309687
TOI-700 combined,730.0,194,1.9697679687887717,2.151288762597809
TOI-700 combined,740.0,194,1.9739751634533893,2.151288762597809
TOI-700 combined,750.0,194,1.9918602326675319,2.1763231088088224
TOI-700 combined,760.0,194,2.0176741979081303,2.207536018188511
TOI-700 combined,770.0,194,2.025244513889144,2.2157287950942814
TOI-700 combined,780.0,194,2.0441969643731563,2.238419730620014
TOI-700 combined,790.0,194,2.0566281312116694,2.2531721805114833
TOI-700 combined,800.0,194,2.080724173560872,2.2784474175040303
TOI-700 combined,810.0,194,2.0863885896079597,2.290123481726385
TOI-700 combined,820.0,194,2.111634649959101,2.322181632567843
TOI-700 combined,830.0,194,2.1189789863723165,2.331802447905036
TOI-700 combined,840.0,194,2.134709413015273,2.331802447905036
TOI-700 combined,850.0,194,2.140705226760553,2.3582130690087983
TOI-700 combined,860.0,194,2.165948134598902,2.3892083947853933
TOI-700 combined,870.0,194,2.1769805658007213,2.3892083947853933
TOI-700 combined,880.0,194,2.1841394908601592,2.411692388119979
TOI-700 combined,890.0,194,2.1962715253474934,2.411692388119979
TOI-700 combined,900.0,194,2.1962715253474934,2.411692388119979
TOI-700 combined,910.0,194,2.1962715253474934,2.411692388119979
TOI-700 combined,920.0,194,2.1962715253474934,2.411692388119979
TOI-700 combined,930.0,194,2.1962715253474934,2.411692388119979
TOI-700 combined,940.0,194,2.1962715253474934,2.411692388119979
TOI-700 combined,950.0,194,2.1962715253474934,2.411692388119979
TOI-700 combined,960.0,194,2.1962715253474934,2.411692388119979
TOI-700 combined,970.0,194,2.1962715253474934,2.411692388119979
TOI-700 combined,980.0,194,2.1962715253474934,2.411692388119979
TOI-700 combined,990.0,194,2.1962715253474934,2.411692388119979
TOI-700 combined,1000.0,194,2.1962715253474934,2.411692388119979
TOI-700 combined,1010.0,194,2.1962715253474934,2.411692388119979
TOI-700 combined,1020.0,194,2.1962715253474934,2.411692388119979
TOI-700 combined,1030.0,194,2.1962715253474934,2.411692388119979
TOI-700 combined,1040.0,194,2.1962715253474934,2.411692388119979
TOI-700 combined,1050.0,194,2.1962715253474934,2.411692388119979
TOI-700 combined,1060.0,194,2.1962715253474934,2.411692388119979
TOI-700 combined,1070.0,194,2.1962715253474934,2.411692388119979
TOI-700 combined,1080.0,194,2.1962715253474934,2.411692388119979
TOI-700 combined,1090.0,194,2.1962715253474934,2.411692388119979
TOI-700 combined,1100.0,194,2.1962715253474934,2.411692388119979
TOI-700 combined,1110.0,194,2.1962715253474934,2.411692388119979
TOI-700 combined,1120.0,194,2.1962715253474934,2.411692388119979
TOI-700 combined,1130.0,194,2.1962715253474934,2.411692388119979
TOI-700 combined,1140.0,194,2.1962715253474934,2.411692388119979
TOI-700 combined,1150.0,194,2.1962715253474934,2.411692388119979
TOI-700 combined,1160.0,194,2.1962715253474934,2.411692388119979
TOI-700 combined,1170.0,194,2.1962715253474934,2.411692388119979
TOI-700 combined,1180.0,194,2.1962715253474934,2.411692388119979
TOI-700 combined,1190.0,194,2.1962715253474934,2.411692388119979
TOI-700 combined,1200.0,194,2.1962715253474934,2.411692388119979
TOI-700 combined,1210.0,194,2.1962715253474934,2.411692388119979
TOI-700 combined,1220.0,194,2.1962715253474934,2.411692388119979
TOI-700 combined,1230.0,194,2.1962715253474934,2.411692388119979
TOI-700 combined,1240.0,194,2.1962715253474934,2.411692388119979
TOI-700 combined,1250.0,194,2.1962715253474934,2.411692388119979
TOI-700 combined,1260.0,194,2.1962715253474934,2.411692388119979
TOI-700 combined,1270.0,194,2.1962715253474934,2.411692388119979
TOI-700 combined,1280.0,194,2.1962715253474934,2.411692388119979
TOI-700 combined,1290.0,194,2.1962715253474934,2.411692388119979
TOI-700 combined,1300.0,194,2.1962715253474934,2.411692388119979
TOI-700 combined,1310.0,194,2.1962715253474934,2.411692388119979
TOI-700 combined,1320.0,194,2.1962715253474934,2.411692388119979
TOI-700 combined,1330.0,194,2.1962715253474934,2.411692388119979
TOI-700 combined,1340.0,194,2.1962715253474934,2.411692388119979
TOI-700 combined,1350.0,194,2.1962715253474934,2.411692388119979
TOI-700 combined,1360.0,194,2.1962715253474934,2.411692388119979
TOI-700 combined,1370.0,194,2.2182904764537716,2.411692388119979
TOI-700 combined,1380.0,194,2.2182904764537716,2.411692388119979
TOI-700 combined,1390.0,194,2.2182904764537716,2.411692388119979
TOI-700 combined,1400.0,194,2.2679047904904692,2.411692388119979
TOI-700 combined,1410.0,194,2.2679047904904692,2.411692388119979
TOI-700 combined,1420.0,194,2.285527339669826,2.411692388119979
TOI-700 combined,1430.0,194,2.308295694041619,2.411692388119979
TOI-700 combined,1440.0,194,2.329040682555854,2.411692388119979
TOI-700 combined,1450.0,194,2.329040682555854,2.411692388119979
TOI-700 combined,1460.0,194,2.3676646928755236,2.414328291534451
TOI-700 combined,1470.0,194,2.3885964010022644,2.4372599473286156
TOI-700 combined,1480.0,194,2.3885964010022644,2.4372599473286156
TOI-700 combined,1490.0,194,2.415386105590286,2.4656221134815133
TOI-700 combined,1500.0,194,2.4466888506071047,2.500984160266366
TOI-700 combined,1510.0,194,2.4558688300733245,2.510266004413463
TOI-700 combined,1520.0,194,2.4788511080540774,2.5359732498961667
TOI-700 combined,1530.0,194,2.493925492875651,2.552686745485681
TOI-700 combined,1540.0,194,2.518928960004998,2.5813218240730786
TOI-700 combined,1550.0,194,2.5300138672141106,2.5945499895180637
TOI-700 combined,1560.0,194,2.5606279546851862,2.6308696358573833
TOI-700 combined,1570.0,194,2.569533904930251,2.6417693478298805
TOI-700 combined,1580.0,194,2.569533904930251,2.6417693478298805
TOI-700 combined,1590.0,194,2.595879759071926,2.6716907373334178
TOI-700 combined,1600.0,194,2.626490023716745,2.7068062770894445
TOI-700 0.40 Msun,0.0,97,1.0037201245403558,1.003445457106803
TOI-700 0.40 Msun,10.0,97,1.0145313960530673,1.0148187699473195
TOI-700 0.40 Msun,20.0,97,1.0252135016071537,1.0289397696588725
TOI-700 0.40 Msun,25.0,97,1.026103639938488,1.0289397696588725
TOI-700 0.40 Msun,30.0,97,1.0389929426217899,1.0464093140728856
TOI-700 0.40 Msun,40.0,97,1.0439669923544552,1.0497627629861588
TOI-700 0.40 Msun,50.0,97,1.050577544593933,1.0565497184705916
TOI-700 0.40 Msun,60.0,97,1.0672988940213917,1.078957043300832
TOI-700 0.40 Msun,70.0,97,1.0757481299844467,1.0860844074713532
TOI-700 0.40 Msun,80.0,97,1.0823882351078988,1.0894128569099808
TOI-700 0.40 Msun,90.0,97,1.0968398822503376,1.1114596640400203
TOI-700 0.40 Msun,100.0,97,1.119137325368272,1.139971760341356
TOI-700 0.40 Msun,110.0,97,1.119137325368272,1.139971760341356
TOI-700 0.40 Msun,120.0,97,1.1396088968442157,1.1630417446677976
TOI-700 0.40 Msun,130.0,97,1.1396088968442157,1.1630417446677976
TOI-700 0.40 Msun,140.0,97,1.1521682476245239,1.1718895119266557
TOI-700 0.40 Msun,150.0,97,1.1603889607253326,1.1803587005300424
TOI-700 0.40 Msun,160.0,97,1.1743016289518529,1.2032828260442199
TOI-700 0.40 Msun,170.0,97,1.1889023264998917,1.2089763887439604
TOI-700 0.40 Msun,180.0,97,1.201993699711896,1.2337120317751802
TOI-700 0.40 Msun,190.0,97,1.209296304140687,1.2369106448648248
TOI-700 0.40 Msun,200.0,97,1.2297078964162194,1.2644184428636396
TOI-700 0.40 Msun,210.0,97,1.2380275714670126,1.2735563335583069
TOI-700 0.40 Msun,220.0,97,1.2564503255407875,1.294314819462452
TOI-700 0.40 Msun,230.0,97,1.2666967376621954,1.30523374756753
TOI-700 0.40 Msun,240.0,97,1.276266624672735,1.3148777512734882
TOI-700 0.40 Msun,250.0,97,1.280192884603001,1.3148777512734882
TOI-700 0.40 Msun,260.0,97,1.297822324537674,1.3394359735405177
TOI-700 0.40 Msun,270.0,97,1.3142404651676423,1.3560502522927709
TOI-700 0.40 Msun,280.0,97,1.3301113722971496,1.374083948736397
TOI-700 0.40 Msun,290.0,97,1.337509907112537,1.3821285399240244
TOI-700 0.40 Msun,300.0,97,1.361836256255923,1.4085195436600648
TOI-700 0.40 Msun,310.0,97,1.361836256255923,1.4085195436600648
TOI-700 0.40 Msun,320.0,97,1.3804191196835716,1.427964923623888
TOI-700 0.40 Msun,330.0,97,1.397385139544406,1.4457253775306547
TOI-700 0.40 Msun,340.0,97,1.4021433177271334,1.4505921431892026
TOI-700 0.40 Msun,350.0,97,1.4225184176001884,1.4720881344465124
TOI-700 0.40 Msun,360.0,97,1.4319155091443287,1.4820927662907633
TOI-700 0.40 Msun,370.0,97,1.4500220488455318,1.5009840174234508
TOI-700 0.40 Msun,380.0,97,1.4623259029848026,1.5137293496922464
TOI-700 0.40 Msun,390.0,97,1.4784414122325857,1.5297614789435212
TOI-700 0.40 Msun,400.0,97,1.5005339430795372,1.5530039782259235
TOI-700 0.40 Msun,410.0,97,1.5117376263520186,1.564691738516781
TOI-700 0.40 Msun,420.0,97,1.5242550562711894,1.5775405673265346
TOI-700 0.40 Msun,430.0,97,1.5390919466783317,1.5919611361863477
TOI-700 0.40 Msun,440.0,97,1.5516605953992775,1.6047859368649993
TOI-700 0.40 Msun,450.0,97,1.5575282080493702,1.6104601718183045
TOI-700 0.40 Msun,460.0,97,1.570626654581137,1.6242802222637711
TOI-700 0.40 Msun,470.0,97,1.5856291914784597,1.6393340532252882
TOI-700 0.40 Msun,480.0,97,1.5976956560059208,1.650887818964771
TOI-700 0.40 Msun,490.0,97,1.6107972780036959,1.6642851975289357
TOI-700 0.40 Msun,500.0,97,1.6378672343442178,1.6911589628758634
TOI-700 0.40 Msun,510.0,97,1.649018599665676,1.7016552642799545
TOI-700 0.40 Msun,520.0,97,1.6670992747161928,1.7196526526697626
TOI-700 0.40 Msun,530.0,97,1.6812395461933942,1.733711679362994
TOI-700 0.40 Msun,540.0,97,1.6951293879170466,1.7475340113215612
TOI-700 0.40 Msun,550.0,97,1.6951293879170466,1.7475340113215612
TOI-700 0.40 Msun,560.0,97,1.714508501276103,1.7661829065537755
TOI-700 0.40 Msun,570.0,97,1.719690949743543,1.7713820942465779
TOI-700 0.40 Msun,580.0,97,1.7383149354672056,1.7895559334641513
TOI-700 0.40 Msun,590.0,97,1.7573329955124388,1.8075727076141466
TOI-700 0.40 Msun,600.0,97,1.7670842856018716,1.8172112774104319
TOI-700 0.40 Msun,610.0,97,1.7873225918668718,1.8370313465006936
TOI-700 0.40 Msun,620.0,97,1.801617364011908,1.8506536414357526
TOI-700 0.40 Msun,630.0,97,1.801617364011908,1.8506536414357526
TOI-700 0.40 Msun,640.0,97,1.832246450152816,1.8813652263141443
TOI-700 0.40 Msun,650.0,97,1.832246450152816,1.8813652263141443
TOI-700 0.40 Msun,660.0,97,1.862472201923007,1.9112373418930524
TOI-700 0.40 Msun,670.0,97,1.862472201923007,1.9112373418930524
TOI-700 0.40 Msun,680.0,97,1.862472201923007,1.9112373418930524
TOI-700 0.40 Msun,690.0,97,1.8944984853152744,1.9442101777762029
TOI-700 0.40 Msun,700.0,97,1.9253688195155616,1.9716831775995791
TOI-700 0.40 Msun,710.0,97,1.9253688195155616,1.9716831775995791
TOI-700 0.40 Msun,720.0,97,1.950453911138419,1.9947108941567906
TOI-700 0.40 Msun,730.0,97,1.969239575551748,2.0138091988443017
TOI-700 0.40 Msun,740.0,97,1.9739751634533893,2.0183491760584142
TOI-700 0.40 Msun,750.0,97,1.9739751634533893,2.0183491760584142
TOI-700 0.40 Msun,760.0,97,2.005398925300544,2.052334363310258
TOI-700 0.40 Msun,770.0,97,2.015491628559676,2.0629761193896035
TOI-700 0.40 Msun,780.0,97,2.034398260690978,2.0846845510998864
TOI-700 0.40 Msun,790.0,97,2.0512269938773495,2.100042174397899
TOI-700 0.40 Msun,800.0,97,2.080724173560872,2.1284224801567797
TOI-700 0.40 Msun,810.0,97,2.080724173560872,2.1284224801567797
TOI-700 0.40 Msun,820.0,97,2.099357481982441,2.1474502813833074
TOI-700 0.40 Msun,830.0,97,2.099357481982441,2.1474502813833074
TOI-700 0.40 Msun,840.0,97,2.134709413015273,2.185449433087682
TOI-700 0.40 Msun,850.0,97,2.134709413015273,2.185449433087682
TOI-700 0.40 Msun,860.0,97,2.162340126679227,2.2172126509859575
TOI-700 0.40 Msun,870.0,97,2.1769805658007213,2.2342972451942327
TOI-700 0.40 Msun,880.0,97,2.1769805658007213,2.2342972451942327
TOI-700 0.40 Msun,890.0,97,2.1962715253474934,2.253001741931493
TOI-700 0.40 Msun,900.0,97,2.1962715253474934,2.253001741931493
TOI-700 0.40 Msun,910.0,97,2.1962715253474934,2.253001741931493
TOI-700 0.40 Msun,920.0,97,2.1962715253474934,2.253001741931493
TOI-700 0.40 Msun,930.0,97,2.1962715253474934,2.253001741931493
TOI-700 0.40 Msun,940.0,97,2.1962715253474934,2.253001741931493
TOI-700 0.40 Msun,950.0,97,2.1962715253474934,2.253001741931493
TOI-700 0.40 Msun,960.0,97,2.1962715253474934,2.253001741931493
TOI-700 0.40 Msun,970.0,97,2.1962715253474934,2.253001741931493
TOI-700 0.40 Msun,980.0,97,2.1962715253474934,2.253001741931493
TOI-700 0.40 Msun,990.0,97,2.1962715253474934,2.253001741931493
TOI-700 0.40 Msun,1000.0,97,2.1962715253474934,2.253001741931493
TOI-700 0.40 Msun,1010.0,97,2.1962715253474934,2.253001741931493
TOI-700 0.40 Msun,1020.0,97,2.1962715253474934,2.253001741931493
TOI-700 0.40 Msun,1030.0,97,2.1962715253474934,2.253001741931493
TOI-700 0.40 Msun,1040.0,97,2.1962715253474934,2.253001741931493
TOI-700 0.40 Msun,1050.0,97,2.1962715253474934,2.253001741931493
TOI-700 0.40 Msun,1060.0,97,2.1962715253474934,2.253001741931493
TOI-700 0.40 Msun,1070.0,97,2.1962715253474934,2.253001741931493
TOI-700 0.40 Msun,1080.0,97,2.1962715253474934,2.253001741931493
TOI-700 0.40 Msun,1090.0,97,2.1962715253474934,2.253001741931493
TOI-700 0.40 Msun,1100.0,97,2.1962715253474934,2.253001741931493
TOI-700 0.40 Msun,1110.0,97,2.1962715253474934,2.253001741931493
TOI-700 0.40 Msun,1120.0,97,2.1962715253474934,2.253001741931493
TOI-700 0.40 Msun,1130.0,97,2.1962715253474934,2.253001741931493
TOI-700 0.40 Msun,1140.0,97,2.1962715253474934,2.253001741931493
TOI-700 0.40 Msun,1150.0,97,2.1962715253474934,2.253001741931493
TOI-700 0.40 Msun,1160.0,97,2.1962715253474934,2.253001741931493
TOI-700 0.40 Msun,1170.0,97,2.1962715253474934,2.253001741931493
TOI-700 0.40 Msun,1180.0,97,2.1962715253474934,2.253001741931493
TOI-700 0.40 Msun,1190.0,97,2.1962715253474934,2.253001741931493
TOI-700 0.40 Msun,1200.0,97,2.1962715253474934,2.253001741931493
TOI-700 0.40 Msun,1210.0,97,2.1962715253474934,2.253001741931493
TOI-700 0.40 Msun,1220.0,97,2.1962715253474934,2.253001741931493
TOI-700 0.40 Msun,1230.0,97,2.1962715253474934,2.253001741931493
TOI-700 0.40 Msun,1240.0,97,2.1962715253474934,2.253001741931493
TOI-700 0.40 Msun,1250.0,97,2.1962715253474934,2.253001741931493
TOI-700 0.40 Msun,1260.0,97,2.1962715253474934,2.253001741931493
TOI-700 0.40 Msun,1270.0,97,2.1962715253474934,2.253001741931493
TOI-700 0.40 Msun,1280.0,97,2.1962715253474934,2.253001741931493
TOI-700 0.40 Msun,1290.0,97,2.1962715253474934,2.253001741931493
TOI-700 0.40 Msun,1300.0,97,2.1962715253474934,2.253001741931493
TOI-700 0.40 Msun,1310.0,97,2.1962715253474934,2.253001741931493
TOI-700 0.40 Msun,1320.0,97,2.1962715253474934,2.253001741931493
TOI-700 0.40 Msun,1330.0,97,2.1962715253474934,2.253001741931493
TOI-700 0.40 Msun,1340.0,97,2.1962715253474934,2.253001741931493
TOI-700 0.40 Msun,1350.0,97,2.1962715253474934,2.253001741931493
TOI-700 0.40 Msun,1360.0,97,2.1962715253474934,2.253001741931493
TOI-700 0.40 Msun,1370.0,97,2.1962715253474934,2.253001741931493
TOI-700 0.40 Msun,1380.0,97,2.1962715253474934,2.253001741931493
TOI-700 0.40 Msun,1390.0,97,2.1962715253474934,2.253001741931493
TOI-700 0.40 Msun,1400.0,97,2.1962715253474934,2.253001741931493
TOI-700 0.40 Msun,1410.0,97,2.1962715253474934,2.253001741931493
TOI-700 0.40 Msun,1420.0,97,2.1962715253474934,2.253001741931493
TOI-700 0.40 Msun,1430.0,97,2.1962715253474934,2.253001741931493
TOI-700 0.40 Msun,1440.0,97,2.1962715253474934,2.253001741931493
TOI-700 0.40 Msun,1450.0,97,2.1962715253474934,2.253001741931493
TOI-700 0.40 Msun,1460.0,97,2.1962715253474934,2.253001741931493
TOI-700 0.40 Msun,1470.0,97,2.1962715253474934,2.253001741931493
TOI-700 0.40 Msun,1480.0,97,2.1962715253474934,2.253001741931493
TOI-700 0.40 Msun,1490.0,97,2.1962715253474934,2.253001741931493
TOI-700 0.40 Msun,1500.0,97,2.1962715253474934,2.253001741931493
TOI-700 0.40 Msun,1510.0,97,2.1962715253474934,2.253001741931493
TOI-700 0.40 Msun,1520.0,97,2.1962715253474934,2.253001741931493
TOI-700 0.40 Msun,1530.0,97,2.1962715253474934,2.253001741931493
TOI-700 0.40 Msun,1540.0,97,2.1962715253474934,2.253001741931493
TOI-700 0.40 Msun,1550.0,97,2.1962715253474934,2.253001741931493
TOI-700 0.40 Msun,1560.0,97,2.1962715253474934,2.253001741931493
TOI-700 0.40 Msun,1570.0,97,2.1962715253474934,2.253001741931493
TOI-700 0.40 Msun,1580.0,97,2.1962715253474934,2.253001741931493
TOI-700 0.40 Msun,1590.0,97,2.1962715253474934,2.253001741931493
TOI-700 0.40 Msun,1600.0,97,2.1962715253474934,2.253001741931493
TOI-700 0.45 Msun,0.0,97,1.006771760582168,1.0076836949463972
TOI-700 0.45 Msun,10.0,97,1.011975306614298,1.0136579940121786
TOI-700 0.45 Msun,20.0,97,1.0236706869667294,1.0256235320239728
TOI-700 0.45 Msun,25.0,97,1.028461339558906,1.0366346146372383
TOI-700 0.45 Msun,30.0,97,1.0366989027480422,1.0453557065749821
TOI-700 0.45 Msun,40.0,97,1.0434726560030918,1.0516450818315233
TOI-700 0.45 Msun,50.0,97,1.0545618167387694,1.067348564473702
TOI-700 0.45 Msun,60.0,97,1.0719939185801683,1.0966937104955938
TOI-700 0.45 Msun,70.0,97,1.0779470290594766,1.1048735550031907
TOI-700 0.45 Msun,80.0,97,1.0896680054634973,1.1129086998699442
TOI-700 0.45 Msun,90.0,97,1.1026486232688915,1.1239472769443601
TOI-700 0.45 Msun,100.0,97,1.1152167217539684,1.1464769902038574
TOI-700 0.45 Msun,110.0,97,1.1192594586899551,1.1464769902038574
TOI-700 0.45 Msun,120.0,97,1.1425020893878415,1.1904603973524412
TOI-700 0.45 Msun,130.0,97,1.1517125459588966,1.2027811169693001
TOI-700 0.45 Msun,140.0,97,1.1580365949820386,1.2027811169693001
TOI-700 0.45 Msun,150.0,97,1.1730360688382246,1.2296233916192842
TOI-700 0.45 Msun,160.0,97,1.1939791326767422,1.257334104384489
TOI-700 0.45 Msun,170.0,97,1.1939791326767422,1.257334104384489
TOI-700 0.45 Msun,180.0,97,1.2170268630396426,1.2854741438274642
TOI-700 0.45 Msun,190.0,97,1.2272157172363127,1.2984763431251443
TOI-700 0.45 Msun,200.0,97,1.236359196264707,1.310308171228236
TOI-700 0.45 Msun,210.0,97,1.236359196264707,1.310308171228236
TOI-700 0.45 Msun,220.0,97,1.269934253203087,1.3518625611777408
TOI-700 0.45 Msun,230.0,97,1.2838304572453982,1.3683887753946604
TOI-700 0.45 Msun,240.0,97,1.2838304572453982,1.3683887753946604
TOI-700 0.45 Msun,250.0,97,1.2960117247920269,1.383106510514842
TOI-700 0.45 Msun,260.0,97,1.3171484798888384,1.4085079498576827
TOI-700 0.45 Msun,270.0,97,1.3171484798888384,1.4085079498576827
TOI-700 0.45 Msun,280.0,97,1.3310900116096829,1.425460484502108
TOI-700 0.45 Msun,290.0,97,1.3493501750322832,1.4477219309386482
TOI-700 0.45 Msun,300.0,97,1.370187173645276,1.4727685863320374
TOI-700 0.45 Msun,310.0,97,1.3773259221039795,1.4814177621606113
TOI-700 0.45 Msun,320.0,97,1.3971944597653063,1.5053067745405693
TOI-700 0.45 Msun,330.0,97,1.4099643312554806,1.5201302128402627
TOI-700 0.45 Msun,340.0,97,1.4099643312554806,1.5201302128402627
TOI-700 0.45 Msun,350.0,97,1.4105084285988123,1.5201302128402627
TOI-700 0.45 Msun,360.0,97,1.4461753970083684,1.563029438618535
TOI-700 0.45 Msun,370.0,97,1.4461753970083684,1.563029438618535
TOI-700 0.45 Msun,380.0,97,1.4761598508107474,1.597003619170335
TOI-700 0.45 Msun,390.0,97,1.4811921915685753,1.6037078286680004
TOI-700 0.45 Msun,400.0,97,1.5071962291047192,1.6334486246513542
TOI-700 0.45 Msun,410.0,97,1.5120564575639963,1.6392510942689842
TOI-700 0.45 Msun,420.0,97,1.5324949106132282,1.662528982255428
TOI-700 0.45 Msun,430.0,97,1.5498998906504828,1.6822671361366939
TOI-700 0.45 Msun,440.0,97,1.5498998906504828,1.6822671361366939
TOI-700 0.45 Msun,450.0,97,1.5642209086976548,1.6982135342130906
TOI-700 0.45 Msun,460.0,97,1.5810443079691727,1.7170303712977857
TOI-700 0.45 Msun,470.0,97,1.5891326810920405,1.72587380179848
TOI-700 0.45 Msun,480.0,97,1.6051353717576105,1.7439527600155929
TOI-700 0.45 Msun,490.0,97,1.6193298515498653,1.7598987464066755
TOI-700 0.45 Msun,500.0,97,1.6302865527305996,1.7714306333620944
TOI-700 0.45 Msun,510.0,97,1.6433262766116015,1.7857826670716066
TOI-700 0.45 Msun,520.0,97,1.6522954824253298,1.7954700531052343
TOI-700 0.45 Msun,530.0,97,1.6872410096624424,1.8338452015135123
TOI-700 0.45 Msun,540.0,97,1.6872410096624424,1.8338452015135123
TOI-700 0.45 Msun,550.0,97,1.699412821205997,1.8471818491908012
TOI-700 0.45 Msun,560.0,97,1.7221296825372883,1.8716531409295953
TOI-700 0.45 Msun,570.0,97,1.727846258346912,1.877790995861451
TOI-700 0.45 Msun,580.0,97,1.742476903856569,1.893525974893942
TOI-700 0.45 Msun,590.0,97,1.7595944886726353,1.9133492952509303
TOI-700 0.45 Msun,600.0,97,1.7808349034078104,1.9362484760079244
TOI-700 0.45 Msun,610.0,97,1.7808349034078104,1.9362484760079244
TOI-700 0.45 Msun,620.0,97,1.7986909985978645,1.9557992348457058
TOI-700 0.45 Msun,630.0,97,1.8293243363149823,1.9908273392540115
TOI-700 0.45 Msun,640.0,97,1.8293243363149823,1.9908273392540115
TOI-700 0.45 Msun,650.0,97,1.8293243363149823,1.9908273392540115
TOI-700 0.45 Msun,660.0,97,1.8702390285341894,2.0368852153059485
TOI-700 0.45 Msun,670.0,97,1.8702390285341894,2.0368852153059485
TOI-700 0.45 Msun,680.0,97,1.8847715518551393,2.0532021820331288
TOI-700 0.45 Msun,690.0,97,1.903547589165072,2.0746411794914383
TOI-700 0.45 Msun,700.0,97,1.9206550477005888,2.093514216143889
TOI-700 0.45 Msun,710.0,97,1.9206550477005888,2.093514216143889
TOI-700 0.45 Msun,720.0,97,1.9525065309909129,2.131047748309687
TOI-700 0.45 Msun,730.0,97,1.9697679687887717,2.151288762597809
TOI-700 0.45 Msun,740.0,97,1.9697679687887717,2.151288762597809
TOI-700 0.45 Msun,750.0,97,1.9918602326675319,2.1763231088088224
TOI-700 0.45 Msun,760.0,97,2.0176741979081303,2.207536018188511
TOI-700 0.45 Msun,770.0,97,2.025244513889144,2.2157287950942814
TOI-700 0.45 Msun,780.0,97,2.0441969643731563,2.238419730620014
TOI-700 0.45 Msun,790.0,97,2.0566281312116694,2.2531721805114833
TOI-700 0.45 Msun,800.0,97,2.0772473654361647,2.2784474175040303
TOI-700 0.45 Msun,810.0,97,2.0863885896079597,2.290123481726385
TOI-700 0.45 Msun,820.0,97,2.111634649959101,2.322181632567843
TOI-700 0.45 Msun,830.0,97,2.1189789863723165,2.331802447905036
TOI-700 0.45 Msun,840.0,97,2.1189789863723165,2.331802447905036
TOI-700 0.45 Msun,850.0,97,2.140705226760553,2.3582130690087983
TOI-700 0.45 Msun,860.0,97,2.165948134598902,2.3892083947853933
TOI-700 0.45 Msun,870.0,97,2.165948134598902,2.3892083947853933
TOI-700 0.45 Msun,880.0,97,2.1841394908601592,2.411692388119979
TOI-700 0.45 Msun,890.0,97,2.1841394908601592,2.411692388119979
TOI-700 0.45 Msun,900.0,97,2.1841394908601592,2.411692388119979
TOI-700 0.45 Msun,910.0,97,2.1841394908601592,2.411692388119979
TOI-700 0.45 Msun,920.0,97,2.1841394908601592,2.411692388119979
TOI-700 0.45 Msun,930.0,97,2.1841394908601592,2.411692388119979
TOI-700 0.45 Msun,940.0,97,2.1841394908601592,2.411692388119979
TOI-700 0.45 Msun,950.0,97,2.1841394908601592,2.411692388119979
TOI-700 0.45 Msun,960.0,97,2.1841394908601592,2.411692388119979
TOI-700 0.45 Msun,970.0,97,2.1841394908601592,2.411692388119979
TOI-700 0.45 Msun,980.0,97,2.1841394908601592,2.411692388119979
TOI-700 0.45 Msun,990.0,97,2.1841394908601592,2.411692388119979
TOI-700 0.45 Msun,1000.0,97,2.1841394908601592,2.411692388119979
TOI-700 0.45 Msun,1010.0,97,2.1841394908601592,2.411692388119979
TOI-700 0.45 Msun,1020.0,97,2.1841394908601592,2.411692388119979
TOI-700 0.45 Msun,1030.0,97,2.1841394908601592,2.411692388119979
TOI-700 0.45 Msun,1040.0,97,2.1841394908601592,2.411692388119979
TOI-700 0.45 Msun,1050.0,97,2.1841394908601592,2.411692388119979
TOI-700 0.45 Msun,1060.0,97,2.1841394908601592,2.411692388119979
TOI-700 0.45 Msun,1070.0,97,2.1841394908601592,2.411692388119979
TOI-700 0.45 Msun,1080.0,97,2.1841394908601592,2.411692388119979
TOI-700 0.45 Msun,1090.0,97,2.1841394908601592,2.411692388119979
TOI-700 0.45 Msun,1100.0,97,2.1841394908601592,2.411692388119979
TOI-700 0.45 Msun,1110.0,97,2.1841394908601592,2.411692388119979
TOI-700 0.45 Msun,1120.0,97,2.1841394908601592,2.411692388119979
TOI-700 0.45 Msun,1130.0,97,2.1841394908601592,2.411692388119979
TOI-700 0.45 Msun,1140.0,97,2.1841394908601592,2.411692388119979
TOI-700 0.45 Msun,1150.0,97,2.1841394908601592,2.411692388119979
TOI-700 0.45 Msun,1160.0,97,2.1841394908601592,2.411692388119979
TOI-700 0.45 Msun,1170.0,97,2.1841394908601592,2.411692388119979
TOI-700 0.45 Msun,1180.0,97,2.1841394908601592,2.411692388119979
TOI-700 0.45 Msun,1190.0,97,2.1841394908601592,2.411692388119979
TOI-700 0.45 Msun,1200.0,97,2.1841394908601592,2.411692388119979
TOI-700 0.45 Msun,1210.0,97,2.1841394908601592,2.411692388119979
TOI-700 0.45 Msun,1220.0,97,2.1841394908601592,2.411692388119979
TOI-700 0.45 Msun,1230.0,97,2.1841394908601592,2.411692388119979
TOI-700 0.45 Msun,1240.0,97,2.1841394908601592,2.411692388119979
TOI-700 0.45 Msun,1250.0,97,2.1841394908601592,2.411692388119979
TOI-700 0.45 Msun,1260.0,97,2.1841394908601592,2.411692388119979
TOI-700 0.45 Msun,1270.0,97,2.1841394908601592,2.411692388119979
TOI-700 0.45 Msun,1280.0,97,2.1841394908601592,2.411692388119979
TOI-700 0.45 Msun,1290.0,97,2.1841394908601592,2.411692388119979
TOI-700 0.45 Msun,1300.0,97,2.1841394908601592,2.411692388119979
TOI-700 0.45 Msun,1310.0,97,2.1841394908601592,2.411692388119979
TOI-700 0.45 Msun,1320.0,97,2.1841394908601592,2.411692388119979
TOI-700 0.45 Msun,1330.0,97,2.1841394908601592,2.411692388119979
TOI-700 0.45 Msun,1340.0,97,2.1841394908601592,2.411692388119979
TOI-700 0.45 Msun,1350.0,97,2.1841394908601592,2.411692388119979
TOI-700 0.45 Msun,1360.0,97,2.1841394908601592,2.411692388119979
TOI-700 0.45 Msun,1370.0,97,2.1841394908601592,2.411692388119979
TOI-700 0.45 Msun,1380.0,97,2.1841394908601592,2.411692388119979
TOI-700 0.45 Msun,1390.0,97,2.1841394908601592,2.411692388119979
TOI-700 0.45 Msun,1400.0,97,2.1841394908601592,2.411692388119979
TOI-700 0.45 Msun,1410.0,97,2.1841394908601592,2.411692388119979
TOI-700 0.45 Msun,1420.0,97,2.1841394908601592,2.411692388119979
TOI-700 0.45 Msun,1430.0,97,2.1841394908601592,2.411692388119979
TOI-700 0.45 Msun,1440.0,97,2.1841394908601592,2.411692388119979
TOI-700 0.45 Msun,1450.0,97,2.1841394908601592,2.411692388119979
TOI-700 0.45 Msun,1460.0,97,2.1841394908601592,2.411692388119979
TOI-700 0.45 Msun,1470.0,97,2.1841394908601592,2.411692388119979
TOI-700 0.45 Msun,1480.0,97,2.1841394908601592,2.411692388119979
TOI-700 0.45 Msun,1490.0,97,2.1841394908601592,2.411692388119979
TOI-700 0.45 Msun,1500.0,97,2.1841394908601592,2.411692388119979
TOI-700 0.45 Msun,1510.0,97,2.1841394908601592,2.411692388119979
TOI-700 0.45 Msun,1520.0,97,2.1841394908601592,2.411692388119979
TOI-700 0.45 Msun,1530.0,97,2.1841394908601592,2.411692388119979
TOI-700 0.45 Msun,1540.0,97,2.1841394908601592,2.411692388119979
TOI-700 0.45 Msun,1550.0,97,2.1841394908601592,2.411692388119979
TOI-700 0.45 Msun,1560.0,97,2.1841394908601592,2.411692388119979
TOI-700 0.45 Msun,1570.0,97,2.1841394908601592,2.411692388119979
TOI-700 0.45 Msun,1580.0,97,2.1841394908601592,2.411692388119979
TOI-700 0.45 Msun,1590.0,97,2.1841394908601592,2.411692388119979
TOI-700 0.45 Msun,1600.0,97,2.1841394908601592,2.411692388119979
LHS 1140 0.20 Msun,0.0,97,1.0287210257591148,1.030509634166502
LHS 1140 0.20 Msun,10.0,97,1.0287210257591148,1.030509634166502
LHS 1140 0.20 Msun,20.0,97,1.0287210257591148,1.030509634166502
LHS 1140 0.20 Msun,25.0,97,1.0287210257591148,1.030509634166502
LHS 1140 0.20 Msun,30.0,97,1.0287210257591148,1.030509634166502
LHS 1140 0.20 Msun,40.0,97,1.0287210257591148,1.030509634166502
LHS 1140 0.20 Msun,50.0,97,1.0303078610248682,1.030509634166502
LHS 1140 0.20 Msun,60.0,97,1.032076112814199,1.0315094187669556
LHS 1140 0.20 Msun,70.0,97,1.032076112814199,1.0315094187669556
LHS 1140 0.20 Msun,80.0,97,1.032076112814199,1.0315094187669556
LHS 1140 0.20 Msun,90.0,97,1.032076112814199,1.0315094187669556
LHS 1140 0.20 Msun,100.0,97,1.064458302685109,1.0670335982701713
LHS 1140 0.20 Msun,110.0,97,1.064458302685109,1.0670335982701713
LHS 1140 0.20 Msun,120.0,97,1.064458302685109,1.0670335982701713
LHS 1140 0.20 Msun,130.0,97,1.064458302685109,1.0670335982701713
LHS 1140 0.20 Msun,140.0,97,1.064458302685109,1.0670335982701713
LHS 1140 0.20 Msun,150.0,97,1.06459158556097,1.0670335982701713
LHS 1140 0.20 Msun,160.0,97,1.0661980459374916,1.0670335982701713
LHS 1140 0.20 Msun,170.0,97,1.0661980459374916,1.0670335982701713
LHS 1140 0.20 Msun,180.0,97,1.0661980459374916,1.0670335982701713
LHS 1140 0.20 Msun,190.0,97,1.0661980459374916,1.0670335982701713
LHS 1140 0.20 Msun,200.0,97,1.1007433706259817,1.103593323642518
LHS 1140 0.20 Msun,210.0,97,1.1007433706259817,1.103593323642518
LHS 1140 0.20 Msun,220.0,97,1.1007433706259817,1.103593323642518
LHS 1140 0.20 Msun,230.0,97,1.1007433706259817,1.103593323642518
LHS 1140 0.20 Msun,240.0,97,1.1007433706259817,1.103593323642518
LHS 1140 0.20 Msun,250.0,97,1.1044539585916722,1.1048577234113954
LHS 1140 0.20 Msun,260.0,97,1.1044539585916722,1.1048577234113954
LHS 1140 0.20 Msun,270.0,97,1.1044539585916722,1.1048577234113954
LHS 1140 0.20 Msun,280.0,97,1.1044539585916722,1.1048577234113954
LHS 1140 0.20 Msun,290.0,97,1.1044539585916722,1.1048577234113954
LHS 1140 0.20 Msun,300.0,97,1.1398805483655474,1.1396711480962702
LHS 1140 0.20 Msun,310.0,97,1.1398805483655474,1.1396711480962702
LHS 1140 0.20 Msun,320.0,97,1.1398805483655474,1.1396711480962702
LHS 1140 0.20 Msun,330.0,97,1.1398805483655474,1.1396711480962702
LHS 1140 0.20 Msun,340.0,97,1.1398805483655474,1.1396711480962702
LHS 1140 0.20 Msun,350.0,97,1.142102391436786,1.1440167787871158
LHS 1140 0.20 Msun,360.0,97,1.142102391436786,1.1440167787871158
LHS 1140 0.20 Msun,370.0,97,1.142102391436786,1.1440167787871158
LHS 1140 0.20 Msun,380.0,97,1.142102391436786,1.1440167787871158
LHS 1140 0.20 Msun,390.0,97,1.142102391436786,1.1440167787871158
LHS 1140 0.20 Msun,400.0,97,1.178736596589879,1.1800640825463427
LHS 1140 0.20 Msun,410.0,97,1.178736596589879,1.1800640825463427
LHS 1140 0.20 Msun,420.0,97,1.178736596589879,1.1800640825463427
LHS 1140 0.20 Msun,430.0,97,1.178736596589879,1.1800640825463427
LHS 1140 0.20 Msun,440.0,97,1.178736596589879,1.1800640825463427
LHS 1140 0.20 Msun,450.0,97,1.178736596589879,1.1800640825463427
LHS 1140 0.20 Msun,460.0,97,1.178736596589879,1.1800640825463427
LHS 1140 0.20 Msun,470.0,97,1.178736596589879,1.1800640825463427
LHS 1140 0.20 Msun,480.0,97,1.178736596589879,1.1800640825463427
LHS 1140 0.20 Msun,490.0,97,1.178736596589879,1.1800640825463427
LHS 1140 0.20 Msun,500.0,97,1.2177073380104375,1.2172839140712455
LHS 1140 0.20 Msun,510.0,97,1.2177073380104375,1.2172839140712455
LHS 1140 0.20 Msun,520.0,97,1.2177073380104375,1.2172839140712455
LHS 1140 0.20 Msun,530.0,97,1.2177073380104375,1.2172839140712455
LHS 1140 0.20 Msun,540.0,97,1.2177073380104375,1.2172839140712455
LHS 1140 0.20 Msun,550.0,97,1.2200088765694737,1.2172839140712455
LHS 1140 0.20 Msun,560.0,97,1.2200088765694737,1.2172839140712455
LHS 1140 0.20 Msun,570.0,97,1.2200088765694737,1.2172839140712455
LHS 1140 0.20 Msun,580.0,97,1.2200088765694737,1.2172839140712455
LHS 1140 0.20 Msun,590.0,97,1.2200088765694737,1.2172839140712455
LHS 1140 0.20 Msun,600.0,97,1.256870751230944,1.2516729057496088
LHS 1140 0.20 Msun,610.0,97,1.256870751230944,1.2516729057496088
LHS 1140 0.20 Msun,620.0,97,1.256870751230944,1.2516729057496088
LHS 1140 0.20 Msun,630.0,97,1.256870751230944,1.2516729057496088
LHS 1140 0.20 Msun,640.0,97,1.256870751230944,1.2516729057496088
LHS 1140 0.20 Msun,650.0,97,1.2615963251929887,1.2578597014048951
LHS 1140 0.20 Msun,660.0,97,1.2615963251929887,1.2578597014048951
LHS 1140 0.20 Msun,670.0,97,1.2615963251929887,1.2578597014048951
LHS 1140 0.20 Msun,680.0,97,1.2615963251929887,1.2578597014048951
LHS 1140 0.20 Msun,690.0,97,1.2615963251929887,1.2578597014048951
LHS 1140 0.20 Msun,700.0,97,1.2997147409732097,1.293564257738756
LHS 1140 0.20 Msun,710.0,97,1.2997147409732097,1.293564257738756
LHS 1140 0.20 Msun,720.0,97,1.2997147409732097,1.293564257738756
LHS 1140 0.20 Msun,730.0,97,1.2997147409732097,1.293564257738756
LHS 1140 0.20 Msun,740.0,97,1.2997147409732097,1.293564257738756
LHS 1140 0.20 Msun,750.0,97,1.2997147409732097,1.293564257738756
LHS 1140 0.20 Msun,760.0,97,1.2997147409732097,1.293564257738756
LHS 1140 0.20 Msun,770.0,97,1.2997147409732097,1.293564257738756
LHS 1140 0.20 Msun,780.0,97,1.2997147409732097,1.293564257738756
LHS 1140 0.20 Msun,790.0,97,1.2997147409732097,1.293564257738756
LHS 1140 0.20 Msun,800.0,97,1.3427405092264173,1.3325612981359258
LHS 1140 0.20 Msun,810.0,97,1.3427405092264173,1.3325612981359258
LHS 1140 0.20 Msun,820.0,97,1.3427405092264173,1.3325612981359258
LHS 1140 0.20 Msun,830.0,97,1.3427405092264173,1.3325612981359258
LHS 1140 0.20 Msun,840.0,97,1.3427405092264173,1.3325612981359258
LHS 1140 0.20 Msun,850.0,97,1.3427405092264173,1.3325612981359258
LHS 1140 0.20 Msun,860.0,97,1.3427405092264173,1.3325612981359258
LHS 1140 0.20 Msun,870.0,97,1.3427405092264173,1.3325612981359258
LHS 1140 0.20 Msun,880.0,97,1.3427405092264173,1.3325612981359258
LHS 1140 0.20 Msun,890.0,97,1.3427405092264173,1.3325612981359258
LHS 1140 0.20 Msun,900.0,97,1.3817983969590277,1.3685980163258624
LHS 1140 0.20 Msun,910.0,97,1.3817983969590277,1.3685980163258624
LHS 1140 0.20 Msun,920.0,97,1.3817983969590277,1.3685980163258624
LHS 1140 0.20 Msun,930.0,97,1.3817983969590277,1.3685980163258624
LHS 1140 0.20 Msun,940.0,97,1.3817983969590277,1.3685980163258624
LHS 1140 0.20 Msun,950.0,97,1.3817983969590277,1.3685980163258624
LHS 1140 0.20 Msun,960.0,97,1.3817983969590277,1.3685980163258624
LHS 1140 0.20 Msun,970.0,97,1.3817983969590277,1.3685980163258624
LHS 1140 0.20 Msun,980.0,97,1.3817983969590277,1.3685980163258624
LHS 1140 0.20 Msun,990.0,97,1.3817983969590277,1.3685980163258624
LHS 1140 0.20 Msun,1000.0,97,1.4264881151079698,1.4101993024383574
LHS 1140 0.20 Msun,1010.0,97,1.4264881151079698,1.4101993024383574
LHS 1140 0.20 Msun,1020.0,97,1.4264881151079698,1.4101993024383574
LHS 1140 0.20 Msun,1030.0,97,1.4264881151079698,1.4101993024383574
LHS 1140 0.20 Msun,1040.0,97,1.4264881151079698,1.4101993024383574
LHS 1140 0.20 Msun,1050.0,97,1.4264881151079698,1.4101993024383574
LHS 1140 0.20 Msun,1060.0,97,1.4264881151079698,1.4101993024383574
LHS 1140 0.20 Msun,1070.0,97,1.4264881151079698,1.4101993024383574
LHS 1140 0.20 Msun,1080.0,97,1.4264881151079698,1.4101993024383574
LHS 1140 0.20 Msun,1090.0,97,1.4264881151079698,1.4101993024383574
LHS 1140 0.20 Msun,1100.0,97,1.463665548825842,1.4442036553393658
LHS 1140 0.20 Msun,1110.0,97,1.463665548825842,1.4442036553393658
LHS 1140 0.20 Msun,1120.0,97,1.463665548825842,1.4442036553393658
LHS 1140 0.20 Msun,1130.0,97,1.463665548825842,1.4442036553393658
LHS 1140 0.20 Msun,1140.0,97,1.463665548825842,1.4442036553393658
LHS 1140 0.20 Msun,1150.0,97,1.4738792947060932,1.4535132608702064
LHS 1140 0.20 Msun,1160.0,97,1.4738792947060932,1.4535132608702064
LHS 1140 0.20 Msun,1170.0,97,1.4738792947060932,1.4535132608702064
LHS 1140 0.20 Msun,1180.0,97,1.4738792947060932,1.4535132608702064
LHS 1140 0.20 Msun,1190.0,97,1.4738792947060932,1.4535132608702064
LHS 1140 0.20 Msun,1200.0,97,1.5076934996676423,1.4851442005818505
LHS 1140 0.20 Msun,1210.0,97,1.5076934996676423,1.4851442005818505
LHS 1140 0.20 Msun,1220.0,97,1.5076934996676423,1.4851442005818505
LHS 1140 0.20 Msun,1230.0,97,1.5076934996676423,1.4851442005818505
LHS 1140 0.20 Msun,1240.0,97,1.5076934996676423,1.4851442005818505
LHS 1140 0.20 Msun,1250.0,97,1.5076934996676423,1.4851442005818505
LHS 1140 0.20 Msun,1260.0,97,1.5076934996676423,1.4851442005818505
LHS 1140 0.20 Msun,1270.0,97,1.5076934996676423,1.4851442005818505
LHS 1140 0.20 Msun,1280.0,97,1.5076934996676423,1.4851442005818505
LHS 1140 0.20 Msun,1290.0,97,1.5076934996676423,1.4851442005818505
LHS 1140 0.20 Msun,1300.0,97,1.531523058797119,1.5082157268530625
LHS 1140 0.20 Msun,1310.0,97,1.531523058797119,1.5082157268530625
LHS 1140 0.20 Msun,1320.0,97,1.531523058797119,1.5082157268530625
LHS 1140 0.20 Msun,1330.0,97,1.531523058797119,1.5082157268530625
LHS 1140 0.20 Msun,1340.0,97,1.531523058797119,1.5082157268530625
LHS 1140 0.20 Msun,1350.0,97,1.531523058797119,1.5082157268530625
LHS 1140 0.20 Msun,1360.0,97,1.531523058797119,1.5082157268530625
LHS 1140 0.20 Msun,1370.0,97,1.531523058797119,1.5082157268530625
LHS 1140 0.20 Msun,1380.0,97,1.531523058797119,1.5082157268530625
LHS 1140 0.20 Msun,1390.0,97,1.531523058797119,1.5082157268530625
LHS 1140 0.20 Msun,1400.0,97,1.5674722741795144,1.5428408334244554
LHS 1140 0.20 Msun,1410.0,97,1.5674722741795144,1.5428408334244554
LHS 1140 0.20 Msun,1420.0,97,1.5674722741795144,1.5428408334244554
LHS 1140 0.20 Msun,1430.0,97,1.5674722741795144,1.5428408334244554
LHS 1140 0.20 Msun,1440.0,97,1.5674722741795144,1.5428408334244554
LHS 1140 0.20 Msun,1450.0,97,1.5674722741795144,1.5428408334244554
LHS 1140 0.20 Msun,1460.0,97,1.5674722741795144,1.5428408334244554
LHS 1140 0.20 Msun,1470.0,97,1.5674722741795144,1.5428408334244554
LHS 1140 0.20 Msun,1480.0,97,1.5674722741795144,1.5428408334244554
LHS 1140 0.20 Msun,1490.0,97,1.5674722741795144,1.5428408334244554
LHS 1140 0.20 Msun,1500.0,97,1.5674722741795144,1.5428408334244554
LHS 1140 0.20 Msun,1510.0,97,1.5674722741795144,1.5428408334244554
LHS 1140 0.20 Msun,1520.0,97,1.5674722741795144,1.5428408334244554
LHS 1140 0.20 Msun,1530.0,97,1.5674722741795144,1.5428408334244554
LHS 1140 0.20 Msun,1540.0,97,1.5674722741795144,1.5428408334244554
LHS 1140 0.20 Msun,1550.0,97,1.5674722741795144,1.5428408334244554
LHS 1140 0.20 Msun,1560.0,97,1.5674722741795144,1.5428408334244554
LHS 1140 0.20 Msun,1570.0,97,1.5674722741795144,1.5428408334244554
LHS 1140 0.20 Msun,1580.0,97,1.5674722741795144,1.5428408334244554
LHS 1140 0.20 Msun,1590.0,97,1.5674722741795144,1.5428408334244554
LHS 1140 0.20 Msun,1600.0,97,1.5674722741795144,1.5428408334244554
