stellar_mass_msun,rotation_percentile_150Myr,initial_omega_sun,track_max_age_myr,track_final_period_days,rotation_match,nearest_or_crossing_age_myr,nearest_or_matched_period_days,rotation_match_age_myr,current_euv_flux_erg_s_cm2,current_x_flux_erg_s_cm2,current_x_luminosity_erg_s,current_mdot_msun_yr,cumulative_euv_fluence_erg_cm2,cumulative_x_fluence_erg_cm2,cumulative_wind_column_kg_m2
0.2,2,3.52,12000.0,141.12292050693833,True,10508.5700573117,131.0,10508.5700573117,42.91220141162573,13.932844717094333,3.50657197707532e+26,1.31914299426883e-15,4.604282598233809e+19,3.5026736833638072e+19,62239.43553326431
0.2,3,3.7,12000.0,140.39548277236648,True,10508.5700573117,131.0,10508.5700573117,42.91220141162573,13.972578236919912,3.51657197707532e+26,1.32828598853766e-15,4.64521598501052e+19,3.551482602353869e+19,62851.424367653046
0.2,4,4.1,12000.0,140.39548277236648,True,10608.5700573117,131.0,10608.5700573117,42.91220141162573,13.89651638268976,3.49742898280649e+26,1.31914299426883e-15,4.761232575959064e+19,3.678882452448767e+19,64445.36436098286
0.2,5,4.31,12000.0,140.39548277236648,True,10608.5700573117,131.0,10608.5700573117,42.91220141162573,13.93624990251534,3.50742898280649e+26,1.31914299426883e-15,4.803118922574964e+19,3.727960958761757e+19,65020.54924156277
0.2,6,4.49,12000.0,139.67550593763642,True,10608.5700573117,131.0,10608.5700573117,43.27548475567145,13.97598342234092,3.51742898280649e+26,1.32914299426883e-15,4.8471346364195275e+19,3.783979771271992e+19,65739.20300881735
0.2,7,4.68,12000.0,139.67550593763642,True,10608.5700573117,131.0,10608.5700573117,43.27548475567145,14.0157169421665,3.52742898280649e+26,1.32914299426883e-15,4.897980059418321e+19,3.845597222837459e+19,66411.56885136338
0.2,8,4.86,12000.0,139.67550593763642,True,10708.5700573117,131.0,10708.5700573117,42.91220141162573,13.89651638268976,3.49742898280649e+26,1.31914299426883e-15,4.939511299558783e+19,3.881010249918697e+19,66911.23250973271
0.2,9,5.1,12000.0,139.67550593763642,True,10708.5700573117,131.0,10708.5700573117,43.27548475567145,13.93624990251534,3.50742898280649e+26,1.32828598853766e-15,4.9896585576318075e+19,3.9405462365722526e+19,67598.27981068064
0.2,10,5.53,12000.0,138.96287580530154,True,10708.5700573117,131.0,10708.5700573117,43.27548475567145,14.0157169421665,3.52742898280649e+26,1.32914299426883e-15,5.068133546494435e+19,4.03390710263916e+19,68687.02552178939
0.2,11,5.76,12000.0,138.96287580530154,True,10808.5700573117,131.0,10808.5700573117,42.91220141162573,13.89651638268976,3.49742898280649e+26,1.31914299426883e-15,5.118511012510519e+19,4.085890345871546e+19,69332.85566766874
0.2,12,6.08,12000.0,138.96287580530154,True,10808.5700573117,131.0,10808.5700573117,43.27548475567145,13.972578236919912,3.51657197707532e+26,1.32914299426883e-15,5.190112405910531e+19,4.173690143672284e+19,70324.88027102311
0.2,13,6.2,12000.0,138.25748049664517,True,10808.5700573117,131.0,10808.5700573117,43.27548475567145,13.97598342234092,3.51742898280649e+26,1.32914299426883e-15,5.209648082613891e+19,4.1995392253569606e+19,70620.37360252981
0.2,14,6.32,12000.0,138.25748049664517,True,10808.5700573117,131.0,10808.5700573117,43.27548475567145,14.012311756745492,3.52657197707532e+26,1.32914299426883e-15,5.225259069453225e+19,4.2172389751289315e+19,70817.89588294874
0.2,15,6.45,12000.0,138.25748049664517,True,10854.065245139773,131.0,10854.065245139773,43.09471636091793,13.961486423740443,3.513780426458068e+26,1.3245934754860226e-15,5.258562166293612e+19,4.249635525032202e+19,71202.95855229339
0.2,16,6.57,12000.0,138.25748049664517,True,10908.5700573117,131.0,10908.5700573117,42.91220141162573,13.89651638268976,3.49742898280649e+26,1.31914299426883e-15,5.2813793723949425e+19,4.272996486929008e+19,71459.77558321971
0.2,17,6.81,12000.0,138.25748049664517,True,10908.5700573117,131.0,10908.5700573117,42.91220141162573,13.932844717094333,3.50657197707532e+26,1.31914299426883e-15,5.3126640407998734e+19,4.311065753263628e+19,71902.2254913581
0.2,18,7.12,12000.0,138.25748049664517,True,10908.5700573117,131.0,10908.5700573117,43.27548475567145,13.972578236919912,3.51657197707532e+26,1.32914299426883e-15,5.3698205692690326e+19,4.382733169448955e+19,72712.52959672708
0.2,19,7.3,12000.0,137.55921039312676,True,10908.5700573117,131.0,10908.5700573117,43.27548475567145,14.012311756745492,3.52657197707532e+26,1.32914299426883e-15,5.4101144698378674e+19,4.431962143104975e+19,73252.95055595324
0.2,20,7.36,12000.0,137.55921039312676,True,10908.5700573117,131.0,10908.5700573117,43.27548475567145,14.012311756745492,3.52657197707532e+26,1.32914299426883e-15,5.4200515839504564e+19,4.441209615228676e+19,73351.7116961627
0.2,21,7.42,12000.0,137.55921039312676,True,10908.5700573117,131.0,10908.5700573117,43.27548475567145,14.0157169421665,3.52742898280649e+26,1.32914299426883e-15,5.427236399580126e+19,4.448990076804533e+19,73446.52239076378
0.2,22,7.61,12000.0,137.55921039312676,True,11008.5700573117,131.0,11008.5700573117,42.91220141162573,13.89651638268976,3.49742898280649e+26,1.31914299426883e-15,5.459908874899711e+19,4.482102207431941e+19,73815.82134405663
0.2,23,7.67,12000.0,137.55921039312676,True,11008.5700573117,131.0,11008.5700573117,42.91220141162573,13.89651638268976,3.49742898280649e+26,1.31914299426883e-15,5.466548246410897e+19,4.488798004196764e+19,73893.25007798086
0.2,24,7.79,12000.0,137.55921039312676,True,11008.5700573117,131.0,11008.5700573117,42.91220141162573,13.89651638268976,3.49742898280649e+26,1.31914299426883e-15,5.4809241471428624e+19,4.506126826535688e+19,74086.8219127914
0.2,25,7.97,12000.0,137.55921039312676,True,11008.5700573117,131.0,11008.5700573117,42.91220141162573,13.93624990251534,3.50742898280649e+26,1.31914299426883e-15,5.5030365770956055e+19,4.533914203809971e+19,74384.68551166313
0.2,26,8.03,12000.0,137.55921039312676,True,11008.5700573117,131.0,11008.5700573117,42.91220141162573,13.93624990251534,3.50742898280649e+26,1.31914299426883e-15,5.51264767863163e+19,4.54595159125235e+19,74499.24843430611
0.2,27,8.16,12000.0,137.55921039312676,True,11008.5700573117,131.0,11008.5700573117,43.27548475567145,13.93624990251534,3.50742898280649e+26,1.32828598853766e-15,5.532826857551234e+19,4.569982479828722e+19,74775.4493919827
0.2,28,8.28,12000.0,137.55921039312676,True,11008.5700573117,131.0,11008.5700573117,43.27548475567145,13.97598342234092,3.51742898280649e+26,1.32914299426883e-15,5.557459615499724e+19,4.602641237333593e+19,75137.3131111498
0.2,29,8.4,12000.0,137.55921039312676,True,11008.5700573117,131.0,11008.5700573117,43.27548475567145,13.97598342234092,3.51742898280649e+26,1.32914299426883e-15,5.572073756191487e+19,4.6222646866537185e+19,75375.92002589584
0.2,30,8.4,12000.0,137.55921039312676,True,11008.5700573117,131.0,11008.5700573117,43.27548475567145,13.97598342234092,3.51742898280649e+26,1.32914299426883e-15,5.572073756191487e+19,4.6222646866537185e+19,75375.92002589584
0.2,31,8.52,12000.0,137.55921039312676,True,11008.5700573117,131.0,11008.5700573117,43.27548475567145,14.012311756745492,3.52657197707532e+26,1.32914299426883e-15,5.588700397596272e+19,4.6400083227340734e+19,75558.43061300291
0.2,32,8.58,12000.0,136.86795807959348,True,11008.5700573117,131.0,11008.5700573117,43.27548475567145,14.012311756745492,3.52657197707532e+26,1.32914299426883e-15,5.600048143049764e+19,4.652584884822308e+19,75680.10433774098
0.2,33,8.64,12000.0,136.86795807959348,True,11008.5700573117,131.0,11008.5700573117,43.27548475567145,14.012311756745492,3.52657197707532e+26,1.32914299426883e-15,5.6066687061430714e+19,4.660183485645309e+19,75763.06369551693
0.2,34,8.77,12000.0,136.86795807959348,True,11104.264328034324,131.0,11104.264328034324,42.91220141162573,13.901648836077946,3.498720701589703e+26,1.3195735671965676e-15,5.637874101342604e+19,4.688235423463871e+19,76082.04914180463
0.2,35,8.89,12000.0,136.86795807959348,True,11108.5700573117,131.0,11108.5700573117,42.91220141162573,13.89651638268976,3.49742898280649e+26,1.31914299426883e-15,5.650538459573119e+19,4.705195121364013e+19,76269.04806685969
0.2,36,8.89,12000.0,136.86795807959348,True,11108.5700573117,131.0,11108.5700573117,42.91220141162573,13.89651638268976,3.49742898280649e+26,1.31914299426883e-15,5.650538459573119e+19,4.705195121364013e+19,76269.04806685969
0.2,37,8.95,12000.0,136.86795807959348,True,11108.5700573117,131.0,11108.5700573117,42.91220141162573,13.89651638268976,3.49742898280649e+26,1.31914299426883e-15,5.656751506945722e+19,4.711859570765704e+19,76356.74795936569
0.2,38,9.13,12000.0,136.86795807959348,True,11108.5700573117,131.0,11108.5700573117,43.27548475567145,13.93624990251534,3.50742898280649e+26,1.32828598853766e-15,5.7084410552848015e+19,4.775075737850862e+19,77006.66107159486
0.2,39,9.13,12000.0,136.86795807959348,True,11108.5700573117,131.0,11108.5700573117,43.27548475567145,13.93624990251534,3.50742898280649e+26,1.32828598853766e-15,5.7084410552848015e+19,4.775075737850862e+19,77006.66107159486
0.2,40,9.25,12000.0,136.86795807959348,True,11108.5700573117,131.0,11108.5700573117,43.27548475567145,13.972578236919912,3.51657197707532e+26,1.32828598853766e-15,5.722020732993234e+19,4.7921736182507135e+19,77189.9617478236
0.2,41,9.32,12000.0,136.86795807959348,True,11108.5700573117,131.0,11108.5700573117,43.27548475567145,13.93624990251534,3.50742898280649e+26,1.32828598853766e-15,5.714290473245082e+19,4.780737071632356e+19,77062.75739923384
0.2,42,9.5,12000.0,136.86795807959348,True,11108.5700573117,131.0,11108.5700573117,43.27548475567145,13.972578236919912,3.51657197707532e+26,1.32828598853766e-15,5.733957808873592e+19,4.806699986325708e+19,77351.93001776712
0.2,43,9.56,12000.0,136.86795807959348,True,11108.5700573117,131.0,11108.5700573117,43.27548475567145,13.972578236919912,3.51657197707532e+26,1.32914299426883e-15,5.740584641439526e+19,4.815301702768908e+19,77468.07602009308
0.2,44,9.62,12000.0,136.86795807959348,True,11108.5700573117,131.0,11108.5700573117,43.27548475567145,13.97598342234092,3.51742898280649e+26,1.32914299426883e-15,5.749650298857067e+19,4.8285303360569655e+19,77583.42903185776
0.2,45,9.62,12000.0,136.86795807959348,True,11108.5700573117,131.0,11108.5700573117,43.27548475567145,13.97598342234092,3.51742898280649e+26,1.32914299426883e-15,5.749650298857067e+19,4.8285303360569655e+19,77583.42903185776
0.2,46,9.8,12000.0,136.86795807959348,True,11108.5700573117,131.0,11108.5700573117,43.27548475567145,13.97598342234092,3.51742898280649e+26,1.32914299426883e-15,5.772634185504858e+19,4.858034474236044e+19,77903.41512613639
0.2,47,9.99,12000.0,136.1836182891955,True,11154.065245139773,131.0,11154.065245139773,43.09471636091793,13.961486423740443,3.513780426458068e+26,1.3245934754860226e-15,5.808746006081799e+19,4.8929147638474056e+19,78288.47779548107
0.2,48,10.11,12000.0,136.1836182891955,True,11204.264328034324,131.0,11204.264328034324,42.91220141162573,13.901648836077946,3.498720701589703e+26,1.3195735671965676e-15,5.827149479928744e+19,4.910494497536652e+19,78476.80926960366
0.2,49,10.23,12000.0,136.1836182891955,True,11208.5700573117,131.0,11208.5700573117,42.91220141162573,13.89651638268976,3.49742898280649e+26,1.31914299426883e-15,5.843475210172984e+19,4.932758169278592e+19,78695.41175952574
0.2,50,10.35,12000.0,136.1836182891955,True,11208.5700573117,131.0,11208.5700573117,42.91220141162573,13.89651638268976,3.49742898280649e+26,1.31914299426883e-15,5.855105081894656e+19,4.948475737152573e+19,78854.21967298257
0.2,51,10.6,12000.0,136.1836182891955,True,11208.5700573117,131.0,11208.5700573117,43.27548475567145,13.93624990251534,3.50742898280649e+26,1.31914299426883e-15,5.887371804037649e+19,4.988946257549736e+19,79264.27592713226
0.2,52,10.6,12000.0,136.1836182891955,True,11208.5700573117,131.0,11208.5700573117,43.27548475567145,13.93624990251534,3.50742898280649e+26,1.31914299426883e-15,5.887371804037649e+19,4.988946257549736e+19,79264.27592713226
0.2,53,10.66,12000.0,136.1836182891955,True,11208.5700573117,131.0,11208.5700573117,43.27548475567145,13.93624990251534,3.50742898280649e+26,1.32828598853766e-15,5.903898133880413e+19,5.004206153922001e+19,79433.02476426092
0.2,54,10.72,12000.0,136.1836182891955,True,11208.5700573117,131.0,11208.5700573117,43.27548475567145,13.93624990251534,3.50742898280649e+26,1.32828598853766e-15,5.909415269791503e+19,5.013754560731762e+19,79510.45349818515
0.2,55,10.84,12000.0,136.1836182891955,True,11208.5700573117,131.0,11208.5700573117,43.27548475567145,13.972578236919912,3.51657197707532e+26,1.32828598853766e-15,5.922468311799332e+19,5.028858748836471e+19,79700.86497650898
0.2,56,11.09,12000.0,136.1836182891955,True,11208.5700573117,131.0,11208.5700573117,43.27548475567145,13.97598342234092,3.51742898280649e+26,1.32914299426883e-15,5.951633898456594e+19,5.069992804783917e+19,80129.09618189685
0.2,57,11.21,12000.0,136.1836182891955,True,11208.5700573117,131.0,11208.5700573117,43.27548475567145,14.012311756745492,3.52657197707532e+26,1.32914299426883e-15,5.972730673843886e+19,5.093435391481522e+19,80396.14630502323
0.2,58,11.33,12000.0,136.1836182891955,True,11208.5700573117,131.0,11208.5700573117,43.27548475567145,14.012311756745492,3.52657197707532e+26,1.32914299426883e-15,5.984253964530912e+19,5.106168690385412e+19,80510.7092276662
0.2,59,11.45,12000.0,135.50608784994577,True,11308.5700573117,131.0,11308.5700573117,42.91220141162573,13.89651638268976,3.49742898280649e+26,1.31914299426883e-15,6.026462307715007e+19,5.1505283009509876e+19,80959.01709312663
0.2,60,11.57,12000.0,135.50608784994577,True,11308.5700573117,131.0,11308.5700573117,42.91220141162573,13.89651638268976,3.49742898280649e+26,1.31914299426883e-15,6.037026369090219e+19,5.164176942858309e+19,81117.82500658344
0.2,61,11.7,12000.0,135.50608784994577,True,11308.5700573117,131.0,11308.5700573117,42.91220141162573,13.89651638268976,3.49742898280649e+26,1.31914299426883e-15,6.050048063734917e+19,5.179944666513298e+19,81261.62122672841
0.2,62,11.82,12000.0,135.50608784994577,True,11308.5700573117,131.0,11308.5700573117,42.91220141162573,13.932844717094333,3.50657197707532e+26,1.31914299426883e-15,6.060956946104572e+19,5.193512833824578e+19,81405.41744687338
0.2,63,11.94,12000.0,135.50608784994577,True,11308.5700573117,131.0,11308.5700573117,43.27548475567145,13.93624990251534,3.50742898280649e+26,1.31914299426883e-15,6.073832189414609e+19,5.209775891863736e+19,81571.33616242529
0.2,64,11.94,12000.0,135.50608784994577,True,11308.5700573117,131.0,11308.5700573117,43.27548475567145,13.93624990251534,3.50742898280649e+26,1.31914299426883e-15,6.073832189414609e+19,5.209775891863736e+19,81571.33616242529
0.2,65,12.06,12000.0,135.50608784994577,True,11308.5700573117,131.0,11308.5700573117,43.27548475567145,13.93624990251534,3.50742898280649e+26,1.31914299426883e-15,6.085900924220118e+19,5.225474651319837e+19,81713.55220432692
0.2,66,12.31,12000.0,135.50608784994577,True,11308.5700573117,131.0,11308.5700573117,43.27548475567145,13.972578236919912,3.51657197707532e+26,1.32914299426883e-15,6.12608197428168e+19,5.272597036126745e+19,82232.31342379755
0.2,67,12.55,12000.0,135.50608784994577,True,11308.5700573117,131.0,11308.5700573117,43.27548475567145,13.97598342234092,3.51742898280649e+26,1.32914299426883e-15,6.152708424525316e+19,5.308270381416738e+19,82576.79228084814
0.2,68,12.67,12000.0,135.50608784994577,True,11308.5700573117,131.0,11308.5700573117,43.27548475567145,14.012311756745492,3.52657197707532e+26,1.32914299426883e-15,6.162902587015579e+19,5.324377685141643e+19,82752.19206586017
0.2,69,12.79,12000.0,135.50608784994577,True,11308.5700573117,131.0,11308.5700573117,43.27548475567145,14.0157169421665,3.52742898280649e+26,1.32914299426883e-15,6.1823567605747974e+19,5.342571740749682e+19,82937.86300945395
0.2,70,13.04,12000.0,134.83526563286682,True,11408.5700573117,131.0,11408.5700573117,42.91220141162573,13.89651638268976,3.49742898280649e+26,1.31914299426883e-15,6.218665530017602e+19,5.380843647348485e+19,83324.54392342365
0.2,71,13.16,12000.0,134.83526563286682,True,11408.5700573117,131.0,11408.5700573117,42.91220141162573,13.89651638268976,3.49742898280649e+26,1.31914299426883e-15,6.2389535434361094e+19,5.404297744443244e+19,83567.10128377809
0.2,72,13.28,12000.0,134.83526563286682,True,11408.5700573117,131.0,11408.5700573117,42.91220141162573,13.932844717094333,3.50657197707532e+26,1.31914299426883e-15,6.259028394785326e+19,5.431251235811543e+19,83829.41087217444
0.2,73,13.53,12000.0,134.83526563286682,True,11408.5700573117,131.0,11408.5700573117,43.27548475567145,13.93624990251534,3.50742898280649e+26,1.31914299426883e-15,6.280574318737451e+19,5.458604990926517e+19,84071.49417905587
0.2,74,13.65,12000.0,134.83526563286682,True,11408.5700573117,131.0,11408.5700573117,43.27548475567145,13.93624990251534,3.50742898280649e+26,1.32828598853766e-15,6.289796712970647e+19,5.467294479986483e+19,84183.27759051172
0.2,75,13.89,12000.0,134.83526563286682,True,11408.5700573117,131.0,11408.5700573117,43.27548475567145,13.972578236919912,3.51657197707532e+26,1.32914299426883e-15,6.321112728738708e+19,5.50711919865645e+19,84599.10439668928
0.2,76,14.01,12000.0,134.83526563286682,True,11408.5700573117,131.0,11408.5700573117,43.27548475567145,13.97598342234092,3.51742898280649e+26,1.32914299426883e-15,6.331037303906044e+19,5.523062513591669e+19,84760.36158642329
0.2,77,14.26,12000.0,134.83526563286682,True,11408.5700573117,131.0,11408.5700573117,43.27548475567145,14.012311756745492,3.52657197707532e+26,1.32914299426883e-15,6.3621903133858234e+19,5.5635267184695116e+19,85180.76800806692
0.2,78,14.26,12000.0,134.83526563286682,True,11408.5700573117,131.0,11408.5700573117,43.27548475567145,14.012311756745492,3.52657197707532e+26,1.32914299426883e-15,6.3621903133858234e+19,5.5635267184695116e+19,85180.76800806692
0.2,79,14.5,12000.0,134.83526563286682,True,11504.264328034324,131.0,11504.264328034324,42.91220141162573,13.899954468453,3.4982942687862705e+26,1.3195735671965676e-15,6.4022105870978466e+19,5.600481296016614e+19,85570.38742183242
0.2,80,14.5,12000.0,134.83526563286682,True,11504.264328034324,131.0,11504.264328034324,42.91220141162573,13.899954468453,3.4982942687862705e+26,1.3195735671965676e-15,6.4022105870978466e+19,5.600481296016614e+19,85570.38742183242
0.2,81,14.62,12000.0,134.17105250167043,True,11508.5700573117,131.0,11508.5700573117,42.91220141162573,13.89651638268976,3.49742898280649e+26,1.31914299426883e-15,6.420191458115413e+19,5.6244001199326e+19,85806.49038579963
0.2,82,14.75,12000.0,134.17105250167043,True,11508.5700573117,131.0,11508.5700573117,42.91220141162573,13.89651638268976,3.49742898280649e+26,1.31914299426883e-15,6.428743018777602e+19,5.6326758237992346e+19,85908.0958468471
0.2,83,14.99,12000.0,134.17105250167043,True,11508.5700573117,131.0,11508.5700573117,43.27548475567145,13.932844717094333,3.50657197707532e+26,1.31914299426883e-15,6.4612291724625125e+19,5.674230916914043e+19,86329.52938434895
0.2,84,15.24,12000.0,134.17105250167043,True,11508.5700573117,131.0,11508.5700573117,43.27548475567145,13.93624990251534,3.50742898280649e+26,1.32828598853766e-15,6.481655114278798e+19,5.702938878116284e+19,86593.40495172735
0.2,85,15.48,12000.0,134.17105250167043,True,11508.5700573117,131.0,11508.5700573117,43.27548475567145,13.972578236919912,3.51657197707532e+26,1.32828598853766e-15,6.505679733382544e+19,5.73167916918306e+19,86877.48149542586
0.2,86,15.72,12000.0,134.17105250167043,True,11508.5700573117,131.0,11508.5700573117,43.27548475567145,13.97598342234092,3.51742898280649e+26,1.32914299426883e-15,6.534563193771625e+19,5.76852490585416e+19,87292.95276149866
0.2,87,15.78,12000.0,134.17105250167043,True,11508.5700573117,131.0,11508.5700573117,43.27548475567145,13.97598342234092,3.51742898280649e+26,1.32914299426883e-15,6.539628927653626e+19,5.778154815808062e+19,87377.3737841497
0.2,88,15.97,12000.0,134.17105250167043,True,11508.5700573117,131.0,11508.5700573117,43.27548475567145,14.012311756745492,3.52657197707532e+26,1.32914299426883e-15,6.5679544049789714e+19,5.811898146030577e+19,87770.00857316644
0.2,89,16.21,12000.0,134.17105250167043,True,11604.264328034324,131.0,11604.264328034324,42.91220141162573,13.899954468453,3.4982942687862705e+26,1.3195735671965676e-15,6.604702013980097e+19,5.8468339533920305e+19,88113.4077733139
0.2,90,16.21,12000.0,134.17105250167043,True,11604.264328034324,131.0,11604.264328034324,42.91220141162573,13.899954468453,3.4982942687862705e+26,1.3195735671965676e-15,6.604702013980097e+19,5.8468339533920305e+19,88113.4077733139
0.2,91,16.46,12000.0,133.51335126391717,True,11608.5700573117,131.0,11608.5700573117,42.91220141162573,13.89651638268976,3.49742898280649e+26,1.31914299426883e-15,6.63637541321337e+19,5.887623928145224e+19,88537.19640813518
0.2,92,16.7,12000.0,133.51335126391717,True,11608.5700573117,131.0,11608.5700573117,43.27548475567145,13.932844717094333,3.50657197707532e+26,1.31914299426883e-15,6.655501320731766e+19,5.911179365350102e+19,88758.38185774827
0.2,93,17.43,12000.0,133.51335126391717,True,11608.5700573117,131.0,11608.5700573117,43.27548475567145,13.97598342234092,3.51742898280649e+26,1.32914299426883e-15,6.739129816093162e+19,6.019341427739458e+19,89886.42030339912
0.2,94,17.92,12000.0,133.51335126391717,True,11654.065245139773,131.0,11654.065245139773,43.09471636091793,13.940004398844083,3.508373901944091e+26,1.3245934754860226e-15,6.786156788512385e+19,6.070765023012808e+19,90465.84489667599
0.2,95,18.53,12000.0,132.8620666236054,True,11708.5700573117,131.0,11708.5700573117,43.27548475567145,13.932844717094333,3.50657197707532e+26,1.31914299426883e-15,6.851654310788891e+19,6.150811148070191e+19,91256.16960701384
0.2,96,19.39,12000.0,132.8620666236054,True,11708.5700573117,131.0,11708.5700573117,43.27548475567145,13.97598342234092,3.51742898280649e+26,1.32914299426883e-15,6.9418469439899574e+19,6.264220759047709e+19,92434.53672971543
0.2,97,20.36,12000.0,132.21710513514128,True,11808.5700573117,131.0,11808.5700573117,42.91220141162573,13.932844717094333,3.50657197707532e+26,1.31914299426883e-15,7.051564968413389e+19,6.396818984451164e+19,93870.49550172655
0.2,98,22.07,12000.0,131.578375158643,True,11908.5700573117,131.0,11908.5700573117,42.91220141162573,13.893111197268754,3.49657197707532e+26,1.31914299426883e-15,7.217085315218712e+19,6.595265526894697e+19,96025.54259000918
