stellar_mass_msun,rotation_percentile_150Myr,initial_omega_sun,rotation_match_age_myr,matched_period_days,current_euv_flux_erg_s_cm2,current_x_flux_erg_s_cm2,current_mdot_msun_yr,cumulative_euv_fluence_erg_cm2,cumulative_x_fluence_erg_cm2,cumulative_wind_column_kg_m2
0.4,2,1.81,2725.7792908339616,54.0,76.62480195870995,33.292810683515064,1.1096882836664154e-14,1.6124107901260595e+19,1.2602910447668204e+19,30100.20533950837
0.4,3,2.02,2755.6741600000796,54.0,76.69906350268384,33.33407493339357,1.1077303359999681e-14,1.6752834315482001e+19,1.3328954715850908e+19,31497.135222767967
0.4,4,2.24,2784.3925946395675,54.0,76.58378844345243,33.2561153213651,1.106242962144173e-14,1.7209242530097015e+19,1.3836879813679077e+19,32476.828555863867
0.4,5,2.39,2806.047639788314,54.0,76.56681347748814,33.26292188829356,1.1075809440846743e-14,1.7601300570347745e+19,1.4297216699215559e+19,33348.29217349783
0.4,6,2.57,2825.7792908339616,54.0,76.72376933161726,33.292810683515064,1.1096882836664154e-14,1.8045090990566203e+19,1.4817682498571905e+19,34313.38406751564
0.4,7,2.75,2845.669551265021,54.0,76.61914434212242,33.187454049377905,1.1062991346204937e-14,1.837517681795269e+19,1.51903138630507e+19,35007.795332920774
0.4,8,3.03,2875.802334509257,54.0,76.62226281141069,33.2258631448934,1.1096790661962973e-14,1.8934566173845754e+19,1.5847538467477998e+19,36219.06014543495
0.4,9,3.24,2896.0891184038455,54.0,76.74465390664388,33.25430476073664,1.1111732644788463e-14,1.9381076110790033e+19,1.63650266618076e+19,37134.985486255
0.4,10,3.55,2917.695203072506,54.0,76.74134011095055,33.25648404411623,1.1046914390782482e-14,1.9827942808847307e+19,1.6886842239566658e+19,38059.254765256985
0.4,11,3.64,2928.7012895938137,54.0,76.66922181222402,33.25774442104799,1.1085194841624746e-14,1.9962090147069723e+19,1.7035796421977207e+19,38334.30715153645
0.4,12,3.76,2945.669551265021,54.0,76.61914434212242,33.187454049377905,1.1062991346204937e-14,2.0259140621593657e+19,1.7391725662284122e+19,38959.14183978851
0.4,13,3.88,2955.6741600000796,54.0,76.56572150956717,33.20073294027691,1.1077303359999681e-14,2.0424354876240024e+19,1.7578753256384815e+19,39287.803817838685
0.4,14,4.01,2961.983898133422,54.0,76.63196550239383,33.25835315810661,1.1052064407466311e-14,2.0578660767000842e+19,1.7753514815137602e+19,39578.09030968301
0.4,15,4.31,2975.802334509257,54.0,76.72333915507431,33.25812879434646,1.1096790661962973e-14,2.0926227197510304e+19,1.8180205049991105e+19,40317.297842693886
0.4,16,4.37,2995.6630301365603,54.0,76.6192660777597,33.126644313500314,1.1017347879453759e-14,2.119095506856598e+19,1.8472508802557673e+19,40817.391044704535
0.4,17,4.46,2996.0891184038455,54.0,76.61652676099597,33.249089913267895,1.1015643526384619e-14,2.1273598194597347e+19,1.8584827538686382e+19,41010.46917364301
0.4,18,4.62,3005.486747576542,54.0,76.96594308386662,33.437924219227625,1.113292048545925e-14,2.1446859287613043e+19,1.878983183537607e+19,41360.20901068804
0.4,19,4.74,3006.047639788314,54.0,77.11573898378037,33.44839488718941,1.1136285838729884e-14,2.156615406128758e+19,1.8942730662122033e+19,41602.352857308026
0.4,20,5.1,3025.7792908339616,54.0,77.99563027936306,34.08342694833002,1.135467574500377e-14,2.1958394739719274e+19,1.941388858964828e+19,42396.727488878576
0.4,21,5.23,3041.434571925634,54.0,78.82053304288806,34.56426951919081,1.1448607431553803e-14,2.225802683474107e+19,1.9766362776897425e+19,42982.03741869442
0.4,22,5.47,3050.5116469818904,54.0,79.2201531975323,34.87916480425809,1.1603069881891343e-14,2.2490832589109535e+19,2.004774695846852e+19,43431.38611140453
0.4,23,5.53,3050.5116469818904,54.0,79.35349519064896,34.94515356053305,1.1603069881891343e-14,2.2531588769632096e+19,2.0102882737331094e+19,43516.63072821097
0.4,24,5.59,3059.6247696257415,54.0,79.62083081675546,35.11527623169172,1.1657748617754448e-14,2.2608310148063818e+19,2.0186364761555284e+19,43663.12137387253
0.4,25,5.96,3068.7739398571853,54.0,80.2892498867908,35.55275582108846,1.1812643639143112e-14,2.2936840456915915e+19,2.0596252309858304e+19,44310.155124693825
0.4,26,6.08,3077.959157676223,54.0,80.69204243517173,35.82817665091907,1.1867754946057339e-14,2.308836017493166e+19,2.0768716678107226e+19,44611.29659755196
0.4,27,6.32,3088.225858749088,54.0,81.25990254583859,36.18256587622038,1.1941129293745438e-14,2.3380311974792315e+19,2.1135141200899625e+19,45179.927135766084
0.4,28,6.51,3096.437736077079,54.0,81.6341419187869,36.4644562082423,1.2078626416462475e-14,2.3528677057004155e+19,2.131002175250418e+19,45465.19242453961
0.4,29,6.57,3096.728250804774,54.0,81.64266423760742,36.47462949575207,1.2080369504828643e-14,2.3578700646535295e+19,2.137236004975594e+19,45563.564254177094
0.4,30,6.69,3106.047639788314,54.0,81.71070290502624,36.55615149905887,1.2063714161270116e-14,2.3687724500603896e+19,2.1495805622342435e+19,45760.20297579359
0.4,31,6.81,3114.4196322824246,54.0,81.62077726503843,36.419091580971205,1.2027901838587877e-14,2.383854885653031e+19,2.1670273016423047e+19,46046.13463667
0.4,32,6.94,3115.893639137961,54.0,81.69361696055279,36.50568956732452,1.2104638165172233e-14,2.393601210967737e+19,2.180365284048521e+19,46260.82031083335
0.4,33,7.12,3125.7792908339616,54.0,81.68348472170173,36.45448741038492,1.204532425499623e-14,2.414581167128266e+19,2.2055079655149654e+19,46651.081318233875
0.4,34,7.18,3125.7792908339616,54.0,81.68348472170173,36.45448741038492,1.204532425499623e-14,2.4194771207718478e+19,2.2119229902933414e+19,46745.73863767368
0.4,35,7.3,3135.7045948763152,54.0,81.53890015192617,36.402545028240105,1.208577243074211e-14,2.437542060569552e+19,2.233592812107531e+19,47097.542622387446
0.4,36,7.42,3141.434571925634,54.0,81.51179236738636,36.42892050291913,1.2051392568446196e-14,2.4486034567703564e+19,2.2461234354050638e+19,47294.45442610406
0.4,37,7.55,3145.669551265021,54.0,81.52654723745945,36.349862420890084,1.2025982692409875e-14,2.4577252996358697e+19,2.258594015227261e+19,47484.29500793322
0.4,38,7.55,3145.669551265021,54.0,81.52654723745945,36.349862420890084,1.2025982692409875e-14,2.4577252996358697e+19,2.258594015227261e+19,47484.29500793322
0.4,39,7.79,3155.6741600000796,54.0,81.37974199206825,36.29643958833483,1.2021629199999601e-14,2.477221620865758e+19,2.2813910173330457e+19,47844.24863014789
0.4,40,7.85,3155.6741600000796,54.0,81.43884695058985,36.29643958833483,1.2021629199999601e-14,2.4816484618202636e+19,2.286804549230311e+19,47918.35709172612
0.4,41,8.03,3165.718421081492,54.0,81.36516840198583,36.24227653057434,1.2005689473511047e-14,2.501914286635221e+19,2.3122238526816555e+19,48304.38622559179
0.4,42,8.16,3168.7739398571853,54.0,81.32124577060524,36.22687392664269,1.1987356360856888e-14,2.5113752885845107e+19,2.32250176147447e+19,48475.1818628309
0.4,43,8.28,3175.802334509257,54.0,81.21614248097895,36.187373247608626,1.1945185992944458e-14,2.520817810068073e+19,2.3344395258268553e+19,48654.18327556697
0.4,44,8.4,3177.959157676223,54.0,81.28908950312008,36.17649963207917,1.2010204211618885e-14,2.5324953651062206e+19,2.349614491264004e+19,48891.168219041814
0.4,45,8.4,3177.959157676223,54.0,81.28908950312008,36.17649963207917,1.2010204211618885e-14,2.5324953651062206e+19,2.349614491264004e+19,48891.168219041814
0.4,46,8.52,3185.9259002833755,54.0,81.19934821528088,36.13172973943769,1.1984444598299747e-14,2.5421088617447784e+19,2.3607292032564077e+19,49056.46707445004
0.4,47,8.52,3185.9259002833755,54.0,81.19934821528088,36.13172973943769,1.1984444598299747e-14,2.5421088617447784e+19,2.3607292032564077e+19,49056.46707445004
0.4,48,8.52,3185.9259002833755,54.0,81.19934821528088,36.13172973943769,1.1984444598299747e-14,2.5421088617447784e+19,2.3607292032564077e+19,49056.46707445004
0.4,49,8.64,3187.1804230828548,54.0,81.29756128859404,36.24165245268535,1.1976917461502871e-14,2.5566856174787277e+19,2.380126609189573e+19,49344.29162212972
0.4,50,8.77,3196.437736077079,54.0,81.04308968354246,36.07358804722259,1.1921373583537525e-14,2.5675926529965154e+19,2.392235005988561e+19,49538.01219600912
0.4,51,8.89,3196.437736077079,54.0,81.17643167665913,36.07358804722259,1.1921373583537525e-14,2.5761417150814794e+19,2.4027885528197628e+19,49692.062343332735
0.4,52,8.89,3196.437736077079,54.0,81.17643167665913,36.07358804722259,1.1921373583537525e-14,2.5761417150814794e+19,2.4027885528197628e+19,49692.062343332735
0.4,53,9.01,3206.047639788314,54.0,81.19346301942011,36.046975656882985,1.196976180105843e-14,2.597266911758845e+19,2.4294647303395918e+19,50095.32618912521
0.4,54,9.25,3215.893639137961,54.0,81.09048568058546,36.03590028047385,1.1920531804310194e-14,2.6148866684304163e+19,2.451828856461326e+19,50430.50110411165
0.4,55,9.38,3215.893639137961,54.0,81.11167857579078,36.148049378385174,1.1936425443448154e-14,2.6233599138445173e+19,2.461805758251234e+19,50576.76291715929
0.4,56,9.5,3223.3885645759005,54.0,81.0439377803941,36.0281227828465,1.1906445741696397e-14,2.632085116513506e+19,2.4720998635601076e+19,50737.26945487252
0.4,57,9.62,3225.7792908339616,54.0,81.11989861674644,36.12321067145363,1.1971103545830192e-14,2.640914801450544e+19,2.483684945848124e+19,50904.2320443135
0.4,58,9.86,3235.7045948763152,54.0,81.01501784166977,35.96439549265806,1.1921477025618424e-14,2.6588953832195015e+19,2.5046501972035887e+19,51220.172871882016
0.4,59,10.23,3245.669551265021,54.0,81.04252734158878,36.071629821348516,1.1971652243674895e-14,2.688048858763717e+19,2.5412080889742557e+19,51761.89795799012
0.4,60,10.47,3255.6741600000796,54.0,81.06908512338678,36.044887678174966,1.1921629199999602e-14,2.7108487850688684e+19,2.570321281646423e+19,52185.077548330024
0.4,61,10.47,3255.6741600000796,54.0,81.06908512338678,36.044887678174966,1.1921629199999602e-14,2.7108487850688684e+19,2.570321281646423e+19,52185.077548330024
0.4,62,10.84,3265.718421081492,54.0,80.96134919394711,36.01751105625407,1.1937126315674031e-14,2.733244915737229e+19,2.598880585170565e+19,52601.13257855374
0.4,63,10.84,3265.718421081492,54.0,80.96134919394711,36.01751105625407,1.1937126315674031e-14,2.733244915737229e+19,2.598880585170565e+19,52601.13257855374
0.4,64,11.09,3277.959157676223,54.0,80.93423642152408,35.95498854359983,1.1910204211618884e-14,2.758086420457816e+19,2.628140740125973e+19,53037.71670118708
0.4,65,11.21,3277.959157676223,54.0,80.9636261199783,35.95498854359983,1.1910204211618884e-14,2.7644920072204472e+19,2.6372825186310705e+19,53162.46815439837
0.4,66,11.33,3285.9259002833755,54.0,80.87636417382143,35.960854376170275,1.1870370498583121e-14,2.77284824304862e+19,2.647514287181145e+19,53318.96477155037
0.4,67,11.57,3296.0891184038455,54.0,80.77098793748752,35.803447172359476,1.1919554407980773e-14,2.7942335022273212e+19,2.6737254737841893e+19,53707.40231053169
0.4,68,11.7,3296.437736077079,54.0,80.8907477155662,35.92599607296124,1.1917811319614604e-14,2.802877758584607e+19,2.6858886048520913e+19,53866.001063806536
0.4,69,11.94,3306.047639788314,54.0,80.80956512693062,35.91363366376632,1.1875809440846744e-14,2.8233759047883477e+19,2.710755446514715e+19,54242.327923065954
0.4,70,11.94,3306.047639788314,54.0,80.80956512693062,35.91363366376632,1.1875809440846744e-14,2.8233759047883477e+19,2.710755446514715e+19,54242.327923065954
0.4,71,12.06,3306.047639788314,54.0,80.93484307661704,35.91363366376632,1.1875809440846744e-14,2.8335426838088065e+19,2.7232741075286016e+19,54408.30966527694
0.4,72,12.31,3315.893639137961,54.0,80.86618748476278,35.90255828735718,1.1920531804310194e-14,2.849265769166657e+19,2.743010431628494e+19,54698.43259532431
0.4,73,12.31,3315.893639137961,54.0,80.86618748476278,35.90255828735718,1.1920531804310194e-14,2.849265769166657e+19,2.743010431628494e+19,54698.43259532431
0.4,74,12.79,3332.393544456971,54.0,80.78085062916043,35.88403374700842,1.1870425822172116e-14,2.8818982325622194e+19,2.7838158779777896e+19,55295.02074478443
0.4,75,13.04,3341.434571925634,54.0,80.7993971517497,35.8727099054258,1.189282714037183e-14,2.904947277411269e+19,2.81219203678832e+19,55705.05461952505
0.4,76,13.77,3359.6247696257415,54.0,80.84092234119802,35.927836681887094,1.1901876151871293e-14,2.9543339463965696e+19,2.8752632988273467e+19,56629.47963066638
0.4,77,14.26,3375.802334509257,54.0,80.71931955326978,35.823892313016124,1.1896790661962972e-14,2.9860686396863832e+19,2.916002729730944e+19,57207.303461133975
0.4,78,14.5,3377.959157676223,54.0,80.90484672306985,35.92559884514561,1.1910204211618884e-14,3.0030702746904977e+19,2.9383457662526796e+19,57528.63644351704
0.4,79,14.99,3406.047639788314,54.0,80.67622313381396,35.78029167064966,1.186976180105843e-14,3.0547097995998245e+19,3.0035696427525374e+19,58521.12557422578
0.4,80,15.48,3415.893639137961,54.0,80.73284549164612,35.769216294240515,1.1836425443448155e-14,3.080031655087821e+19,3.0356647904443548e+19,58952.45368700706
0.4,81,15.72,3415.893639137961,54.0,80.84499458955744,35.90255828735718,1.1836425443448155e-14,3.0914897564329857e+19,3.048720341540867e+19,59128.24585168099
0.4,82,15.97,3425.7792908339616,54.0,80.65527988469849,35.75755931231298,1.1871103545830191e-14,3.104485459559165e+19,3.0641788275047612e+19,59348.06851020169
0.4,83,16.7,3445.669551265021,54.0,80.63095274893057,35.732500531902744,1.1817321794939916e-14,3.144932931963161e+19,3.114966062020608e+19,60041.20750707375
0.4,84,17.19,3455.6741600000796,54.0,80.74329617863187,35.77820369194164,1.1877303359999681e-14,3.1752231399628997e+19,3.1542562872431698e+19,60616.070399804325
0.4,85,17.31,3459.6247696257415,54.0,80.6537432111749,35.79449468877042,1.1861500921497035e-14,3.182858852993097e+19,3.1636197673000292e+19,60752.7246461858
0.4,86,17.92,3475.802334509257,54.0,80.55371191070004,35.690550319899465,1.1820988327453715e-14,3.2178499127042265e+19,3.2079922703488135e+19,61430.32628602286
0.4,87,18.16,3477.959157676223,54.0,80.63816273683653,35.79225685202894,1.1888163369295107e-14,3.233526865661801e+19,3.2307341548512244e+19,61775.68576096794
0.4,88,18.47,3485.9259002833755,54.0,80.59091350251272,35.69417038993695,1.1856296398866497e-14,3.2498004492983656e+19,3.250837225662338e+19,62096.0048041292
0.4,89,18.9,3496.437736077079,54.0,80.61931373561798,35.78790408612968,1.1817811319614604e-14,3.280285706951821e+19,3.292190975192211e+19,62749.43305620741
0.4,90,19.14,3506.047639788314,54.0,80.54288114069729,35.65501372096325,1.1775809440846743e-14,3.2953180234447806e+19,3.3095506017603994e+19,62994.655288250906
0.4,91,19.39,3506.047639788314,54.0,80.67622313381396,35.78029167064966,1.186976180105843e-14,3.307420537925679e+19,3.326574240653841e+19,63211.70067100441
0.4,92,20.12,3525.7792908339616,54.0,80.65527988469849,35.75755931231298,1.1796882836664154e-14,3.345262442377329e+19,3.3740945867224728e+19,63881.61171613452
0.4,93,20.36,3525.7792908339616,54.0,80.68965450490784,35.791933932522326,1.1871103545830191e-14,3.3549821087256777e+19,3.3871953435328905e+19,64065.953701944745
0.4,94,20.85,3541.434571925634,54.0,80.58796284956138,35.71652528728247,1.1834261712297464e-14,3.385026656280362e+19,3.4248907794726728e+19,64638.69442602258
0.4,95,21.83,3565.718421081492,54.0,80.60324172651018,35.70511532941894,1.1837126315674032e-14,3.442028491329493e+19,3.499327648177597e+19,65782.47669505139
0.4,96,22.56,3577.959157676223,54.0,80.63816273683653,35.79225685202894,1.1810204211618885e-14,3.4865805521801363e+19,3.558192871301503e+19,66738.55607603303
0.4,97,23.05,3587.1804230828548,54.0,80.67872391927514,35.79034483522403,1.185127830766858e-14,3.510186954191817e+19,3.5903301538867462e+19,67252.80586984429
0.4,98,23.78,3606.047639788314,54.0,80.55094518412754,35.65501372096325,1.1775809440846743e-14,3.541291905516918e+19,3.627368897241665e+19,67815.81506240799
0.45,2,1.63,3465.6344538649882,54.0,75.92980514565001,29.343496724403728,1.0049040756110527e-14,1.955254969751886e+19,1.3718634135579193e+19,34101.43080548688
0.45,3,2.11,3522.8425285997773,54.0,75.96703323359961,29.419170374420155,1.0049746437080489e-14,2.0960214368476725e+19,1.5353139976957874e+19,37398.82468327816
0.45,4,2.16,3532.353788043629,54.0,75.97355019758697,29.343075356942585,1.0032057045108379e-14,2.107661285697822e+19,1.5484199837898031e+19,37677.769084753614
0.45,5,2.39,3557.315744448335,54.0,75.90738648191083,29.410050722030224,1.0056710638879162e-14,2.167648149225228e+19,1.6186440064902093e+19,39058.07963556441
0.45,6,2.57,3580.0117213715444,54.0,75.87143778827709,29.361813107226652,1.0059964835885366e-14,2.218471544336809e+19,1.6770442574293152e+19,40215.3127451834
0.45,7,2.66,3582.4759625848073,54.0,75.97192109790409,29.342097897132852,1.0052572112245577e-14,2.2338828882274906e+19,1.697777870834996e+19,40596.4028669867
0.45,8,2.75,3594.4456350871737,54.0,75.94565709217883,29.379676290944357,1.0016663094738478e-14,2.2518916792117297e+19,1.7185521537443492e+19,41016.55703447481
0.45,9,2.91,3608.691845929525,54.0,76.02237926360422,29.399041195176267,1.0077401200583235e-14,2.293584603294154e+19,1.7673839860840323e+19,41931.917006113115
0.45,10,3.15,3622.8425285997773,54.0,76.10037522671627,29.419170374420155,1.0052030689940467e-14,2.3345336329462465e+19,1.8169249591622697e+19,42876.891960046465
0.45,11,3.33,3644.809983529512,54.0,76.0005493225833,29.376761314094942,1.0079013044470318e-14,2.379597822279809e+19,1.8684332530577703e+19,43836.50756797476
0.45,12,3.46,3651.3138325675095,54.0,75.98741717118081,29.458069135592215,1.0071715418581226e-14,2.3995196300839256e+19,1.8919316916124877e+19,44279.90116764375
0.45,13,3.58,3657.315744448335,54.0,76.04072847502749,29.410050722030224,1.006817378776883e-14,2.4173974628950155e+19,1.9135983878138462e+19,44683.38343500375
0.45,14,3.76,3680.0117213715444,54.0,76.00477978139375,29.361813107226652,1.0059964835885366e-14,2.459778734200801e+19,1.9629283954536464e+19,45576.70862118536
0.45,15,3.94,3682.4759625848073,54.0,76.10526309102076,29.475439890249515,1.0052572112245577e-14,2.4830452598334857e+19,1.9922872509842305e+19,46100.447588531
0.45,16,4.13,3695.1304198024536,54.0,76.06986802941637,29.374197657416882,1.0109739160395092e-14,2.5102158818479006e+19,2.023618611542442e+19,46664.01513912594
0.45,17,4.25,3708.691845929525,54.0,76.02237926360422,29.399041195176267,1.0077401200583235e-14,2.5267136310223225e+19,2.0426177943516766e+19,47000.856234097955
0.45,18,4.31,3708.691845929525,54.0,76.02237926360422,29.399041195176267,1.0078270385176187e-14,2.5340333657563242e+19,2.0517785086465438e+19,47165.910964940296
0.45,19,4.43,3722.8425285997773,54.0,75.99749191651279,29.419170374420155,1.0049746437080489e-14,2.5674647885626794e+19,2.0904461304441487e+19,47854.21613652841
0.45,20,4.49,3722.8425285997773,54.0,76.10037522671627,29.419170374420155,1.0052030689940467e-14,2.5753611112037933e+19,2.100406355862592e+19,48032.13639104995
0.45,21,4.74,3737.0498574791054,54.0,76.04427386486957,29.438846354558805,1.0096260399058504e-14,2.6026203603869282e+19,2.133102384109069e+19,48610.242078204436
0.45,22,4.98,3751.3138325675095,54.0,75.98741717118081,29.393150029565618,1.0071715418581226e-14,2.6330442054206005e+19,2.169501693144439e+19,49259.220860696776
0.45,23,5.04,3751.3138325675095,54.0,76.12075916429748,29.458069135592215,1.0071715418581226e-14,2.6383236356674486e+19,2.176692306110531e+19,49369.38925349017
0.45,24,5.1,3757.315744448335,54.0,76.17407046814415,29.410050722030224,1.0073905362213664e-14,2.6645757171095134e+19,2.2093501762844164e+19,49932.00300425675
0.45,25,5.17,3765.6344538649882,54.0,76.06314713876667,29.343496724403728,1.0062167646883524e-14,2.6724019867382026e+19,2.217550512473609e+19,50086.567844645004
0.45,26,5.23,3765.6344538649882,54.0,76.06314713876667,29.47683871752039,1.0062167646883524e-14,2.679065280760216e+19,2.2260634689382736e+19,50223.51603929671
0.45,27,5.35,3769.8710708001,54.0,76.13999723726336,29.442943580748416,1.00903867875997e-14,2.693023354161905e+19,2.242607464903993e+19,50518.46531033931
0.45,28,5.47,3780.0117213715444,54.0,76.00477978139375,29.361813107226652,1.0059964835885366e-14,2.7073368337328734e+19,2.2596080376228938e+19,50802.61460857738
0.45,29,5.71,3782.4759625848073,54.0,76.12862999178469,29.475439890249515,1.0052572112245577e-14,2.7318714111659164e+19,2.2910308942382883e+19,51333.114813025866
0.45,30,5.84,3794.4456350871737,54.0,76.0789990852955,29.379676290944357,1.0111108729825652e-14,2.7452655523429695e+19,2.3048252447559926e+19,51576.803340676954
0.45,31,5.96,3795.1304198024536,54.0,76.0763612247082,29.374197657416882,1.0109739160395092e-14,2.7568397658601726e+19,2.320430804240072e+19,51838.61526850227
0.45,32,6.32,3822.8425285997773,54.0,76.10037522671627,29.419170374420155,1.0054314942800445e-14,2.8172363698285543e+19,2.3929201242826805e+19,53064.09459230711
0.45,33,6.39,3822.8425285997773,54.0,76.13083390962944,29.44962905733334,1.0056599195660423e-14,2.8226341677279646e+19,2.4007164555528184e+19,53190.311268983365
0.45,34,6.45,3822.8425285997773,54.0,76.13083390962944,29.44962905733334,1.0056599195660423e-14,2.827641632133519e+19,2.407535443846265e+19,53301.540247988974
0.45,35,6.81,3837.0498574791054,54.0,76.17761585798623,29.438846354558805,1.0103670370554326e-14,2.8627989743821046e+19,2.450116960513477e+19,54003.889656855885
0.45,36,6.87,3837.0498574791054,54.0,76.17761585798623,29.48824937296833,1.0107375356302236e-14,2.867962133059092e+19,2.456627448375832e+19,54115.66712719441
0.45,37,7.06,3844.809983529512,54.0,76.20748278366312,29.43651183924844,1.0096937037882123e-14,2.8862688844459164e+19,2.477856415744481e+19,54460.1084152493
0.45,38,7.18,3851.3138325675095,54.0,76.18918205138753,29.458069135592215,1.0087109568351479e-14,2.896108393722144e+19,2.4915334746447974e+19,54688.73155153943
0.45,39,7.42,3865.6344538649882,54.0,76.15066542772146,29.43101501335854,1.0068731092270024e-14,2.927131086438322e+19,2.5274016961910047e+19,55278.1944644137
0.45,40,7.48,3865.6344538649882,54.0,76.15066542772146,29.47683871752039,1.0068731092270024e-14,2.9318355782075744e+19,2.5347441938677236e+19,55391.412042567186
0.45,41,7.55,3865.6344538649882,54.0,76.19648913188333,29.47683871752039,1.0068731092270024e-14,2.9372213776081727e+19,2.5410834754870243e+19,55495.879784469944
0.45,42,7.67,3865.6344538649882,54.0,76.28400742083814,29.47683871752039,1.0103096638405036e-14,2.9469529173483037e+19,2.5538714455109562e+19,55702.93524786587
0.45,43,7.79,3869.8710708001,54.0,76.27333923038003,29.536111059165222,1.00903867875997e-14,2.956455903197435e+19,2.5667079862955987e+19,55900.80776403242
0.45,44,8.16,3882.4759625848073,54.0,76.34858017649015,29.585414982602252,1.0135048074830385e-14,2.9964182900959863e+19,2.6159139272910012e+19,56694.617050500005
0.45,45,8.16,3882.4759625848073,54.0,76.34858017649015,29.585414982602252,1.0135048074830385e-14,2.9964182900959863e+19,2.6159139272910012e+19,56694.617050500005
0.45,46,8.34,3894.4456350871737,54.0,76.21234107841215,29.513018284061022,1.0111108729825652e-14,3.016821376168e+19,2.6399295790454604e+19,57084.162394134415
0.45,47,8.4,3895.1304198024536,54.0,76.20321002253303,29.50753965053355,1.0109739160395092e-14,3.020985722001048e+19,2.6460422840796054e+19,57178.26912715391
0.45,48,8.52,3895.1304198024536,54.0,76.3365520156497,29.50753965053355,1.0109739160395092e-14,3.0304494638122615e+19,2.6579129202880668e+19,57367.71633931005
0.45,49,8.77,3908.691845929525,54.0,76.3006531304386,29.543973068893987,1.0083485492733902e-14,3.0584507055209005e+19,2.6922075668837458e+19,57911.511329909044
0.45,50,9.01,3922.8425285997773,54.0,76.2641759027461,29.55251236753682,1.0140609425640579e-14,3.091344740554656e+19,2.7326335968128344e+19,58553.19239773089
0.45,51,9.19,3932.353788043629,54.0,76.28337536964641,29.519558535885363,1.0119115529890928e-14,3.107159572300351e+19,2.751190879121851e+19,58854.76603103345
0.45,52,9.38,3937.0498574791054,54.0,76.22701887639575,29.48824937296833,1.0111080342050147e-14,3.122295821510284e+19,2.770010561097893e+19,59134.909574708654
0.45,53,9.5,3937.0498574791054,54.0,76.36036086951242,29.572188347675468,1.0114785327798058e-14,3.13104922690725e+19,2.7813110980719624e+19,59301.837528082135
0.45,54,9.5,3937.0498574791054,54.0,76.36036086951242,29.572188347675468,1.0114785327798058e-14,3.13104922690725e+19,2.7813110980719624e+19,59301.837528082135
0.45,55,9.62,3937.0498574791054,54.0,76.36036086951242,29.572188347675468,1.0118490313545968e-14,3.1384489127536087e+19,2.7922265288854143e+19,59471.28437370961
0.45,56,9.62,3937.0498574791054,54.0,76.36036086951242,29.572188347675468,1.0118490313545968e-14,3.1384489127536087e+19,2.7922265288854143e+19,59471.28437370961
0.45,57,9.86,3951.3138325675095,54.0,76.32252404450419,29.52649202268228,1.0097372334864982e-14,3.159299592551372e+19,2.8156797599329333e+19,59850.674462357696
0.45,58,9.86,3951.3138325675095,54.0,76.32252404450419,29.52649202268228,1.0097372334864982e-14,3.159299592551372e+19,2.8156797599329333e+19,59850.674462357696
0.45,59,9.99,3951.3138325675095,54.0,76.32252404450419,29.52649202268228,1.0097372334864982e-14,3.1662027399104578e+19,2.8261281079320863e+19,60015.065325250354
0.45,60,10.11,3957.315744448335,54.0,76.30741246126081,29.543392715146886,1.0128052766654995e-14,3.1783299157139866e+19,2.839891910276918e+19,60228.28466079448
0.45,61,10.23,3957.315744448335,54.0,76.38383841727787,29.543392715146886,1.0128052766654995e-14,3.1876258843461747e+19,2.851768858415302e+19,60408.31917031726
0.45,62,10.47,3969.8710708001,54.0,76.36650670879683,29.57628557386508,1.0160257858399799e-14,3.213121869268696e+19,2.883510255146116e+19,60897.74405478021
0.45,63,10.66,3980.0117213715444,54.0,76.2714637676271,29.495155100343315,1.013997655725691e-14,3.22805002247589e+19,2.900773884130244e+19,61172.15185659789
0.45,64,10.72,3980.0117213715444,54.0,76.2714637676271,29.495155100343315,1.013997655725691e-14,3.2306589535107154e+19,2.9056908775402357e+19,61228.097779292
0.45,65,11.45,3995.1304198024536,54.0,76.46989400876636,29.64088164365021,1.0114608740592639e-14,3.2989863693116797e+19,2.9921675361687843e+19,62536.74524738718
0.45,66,11.57,4008.691845929525,54.0,76.42240524295421,29.543973068893987,1.0083485492733902e-14,3.311194398056271e+19,3.006554300907379e+19,62770.71963442919
0.45,67,11.82,4008.691845929525,54.0,76.43399512355526,29.543973068893987,1.0176532015990283e-14,3.3227853643230986e+19,3.021088571543333e+19,62991.54401533141
0.45,68,12.18,4022.8425285997773,54.0,76.50040120606626,29.582971050450006,1.0147462184220512e-14,3.3672026203382702e+19,3.0773123559082422e+19,63826.05007728278
0.45,69,12.31,4032.353788043629,54.0,76.41671736276308,29.60975934317591,1.0125586287499654e-14,3.3783799836000006e+19,3.090487460219408e+19,64035.35971253557
0.45,70,12.55,4037.0498574791054,54.0,76.44429984421956,29.621591366084992,1.0122195299293879e-14,3.39367187762412e+19,3.1102917737688097e+19,64334.62064802889
0.45,71,12.79,4037.0498574791054,54.0,76.49370286262908,29.621591366084992,1.012590028504179e-14,3.4069866259434353e+19,3.12715935449962e+19,64571.94501123785
0.45,72,13.16,4051.3138325675095,54.0,76.45586603762086,29.591411128708877,1.0146058502297472e-14,3.4336965709705097e+19,3.160693278282817e+19,65102.38314110076
0.45,73,13.28,4051.3138325675095,54.0,76.52078514364746,29.659834015798943,1.0146058502297472e-14,3.4404558687251984e+19,3.1712502611380756e+19,65247.94859872669
0.45,74,13.53,4057.315744448335,54.0,76.51718041039453,29.619818671163948,1.0128052766654995e-14,3.4579605054714003e+19,3.1922665179420885e+19,65548.05252796717
0.45,75,13.77,4065.6344538649882,54.0,76.55069140707147,29.610180710637053,1.0168731092270023e-14,3.4819862951957406e+19,3.2228731650215174e+19,66028.84342681366
0.45,76,14.26,4080.0117213715444,54.0,76.51149498474753,29.62849709345998,1.013997655725691e-14,3.5168995140564574e+19,3.2665586440050803e+19,66695.55227651502
0.45,77,15.11,4095.1304198024536,54.0,76.60323600188302,29.64088164365021,1.0209739160395093e-14,3.5767954998679392e+19,3.345637715831612e+19,67890.06075524223
0.45,78,15.97,4122.842528599777,54.0,76.63374319918292,29.685854360653483,1.014974643708049e-14,3.6452380176378266e+19,3.431230780903083e+19,69213.83495273665
0.45,79,16.21,4122.842528599777,54.0,76.6642018820961,29.716313043566668,1.0154314942800446e-14,3.6567941551654126e+19,3.4479921566404764e+19,69460.70022847505
0.45,80,16.7,4137.049857479105,54.0,76.62704485574574,29.70553034079213,1.0188850427562684e-14,3.6852089436117352e+19,3.484292635929727e+19,70017.13214027742
0.45,81,17.19,4151.31383256751,54.0,76.58920803073752,29.724753121825536,1.0197372334864979e-14,3.721920883874228e+19,3.5310379034609844e+19,70748.23262864098
0.45,82,17.68,4165.634453864988,54.0,76.59651511123332,29.697698999591868,1.0168731092270023e-14,3.755370327195622e+19,3.5721654948508967e+19,71391.83018213394
0.45,83,18.65,4182.475962584807,54.0,76.63863106348741,29.742123876482843,1.0152572112245577e-14,3.817648098192997e+19,3.6546181350337303e+19,72671.7773321714
0.45,84,19.14,4194.445635087174,54.0,76.73830274999906,29.772295969414614,1.0211108729825651e-14,3.851398610232323e+19,3.699565452991449e+19,73362.02488035068
0.45,85,19.63,4208.691845929525,54.0,76.68908922918754,29.677315062010653,1.017913956976914e-14,3.883142515165817e+19,3.738514599982557e+19,73979.08760525958
0.45,86,19.87,4208.691845929525,54.0,76.7006791097886,29.799067174526257,1.0180008754362094e-14,3.894594618974339e+19,3.754502009060695e+19,74215.73190542616
0.45,87,20.36,4222.842528599777,54.0,76.79754387521275,29.819196353770145,1.0154314942800446e-14,3.945067502800022e+19,3.821361845681263e+19,75280.13677487553
0.45,88,20.61,4232.353788043629,54.0,76.77360215628696,29.743101336292572,1.0202938635869114e-14,3.959869400744491e+19,3.839752404118215e+19,75559.52218963247
0.45,89,20.85,4237.049857479105,54.0,76.7603868488624,29.754933359201654,1.0188850427562684e-14,3.970854090869445e+19,3.8546080367154495e+19,75799.58074252706
0.45,90,21.34,4244.8099835295125,54.0,76.74085075612977,29.776787293444926,1.0210380032940974e-14,3.996926273742333e+19,3.8864811441782096e+19,76333.315557375
0.45,91,21.83,4251.31383256751,54.0,76.78746912988079,29.7931760089156,1.0197372334864979e-14,4.0212323744831504e+19,3.919294460976703e+19,76836.39520656035
0.45,92,22.56,4265.634453864988,54.0,76.81737539330479,29.74352270375372,1.0203096638405035e-14,4.0615482346730725e+19,3.9721752570120724e+19,77698.31695195397
0.45,93,22.92,4269.8710708001,54.0,76.80670720284668,29.80279504539855,1.01903867875997e-14,4.0794216586645905e+19,3.996583026866101e+19,78096.48744811301
0.45,94,23.78,4282.475962584807,54.0,76.90531504972073,29.87546586959951,1.0235048074830386e-14,4.1287841436328165e+19,4.063362926905475e+19,79189.71626078486
0.45,95,24.02,4294.445635087174,54.0,76.87164474311574,29.779702270294347,1.0211108729825651e-14,4.143144193904285e+19,4.08092588209751e+19,79517.79982929851
0.45,96,24.76,4308.691845929525,54.0,76.83402110290525,29.799067174526257,1.0181747123547998e-14,4.185624533397409e+19,4.135315469149818e+19,80418.4397973984
0.45,97,25.73,4322.842528599777,54.0,76.90042718541623,29.84965503668333,1.0231472414200668e-14,4.23498085439933e+19,4.200478494436381e+19,81475.42475466247
0.45,98,26.46,4337.049857479105,54.0,76.89372884197908,29.838872333908792,1.0225900285041789e-14,4.27054959413568e+19,4.247879220931186e+19,82242.16109759288
